military_phrase,civilian_phrase,branch,category,context_notes
served as repair locker leader,served as emergency response team leader,navy,operations,
briefed flag officers,presented to C-suite executives,navy,communication,
received Joint Service Achievement Medal,received joint organization achievement award,general,admin,
brief down,communicate to the team,general,communication,
took the helm,assumed executive leadership,navy,leadership,
hand-selected for,competitively selected for,general,leadership,
intelligence fusion,multi-source data integration and analysis,general,intel,
medical treatment facility,healthcare facility / clinic,general,medical,
shaping operations,preparatory activities / preliminary operations,general,operations,
HAZMAT locker,hazardous materials storage facility,general,safety,
corrective action,performance improvement action,general,admin,
perfect score,achieved maximum score,general,performance,
delivered on time and on target,completed all deliverables on schedule and within scope,general,performance,
corrective action report,corrective and preventive action documentation,general,safety,
information brief,informational presentation with no decision required,general,communication,
safety officer,safety compliance manager,general,safety,
PMCS,preventive maintenance checks and services,army,equipment,
signals intelligence,electronic data collection and analysis,general,intel,
troop leading procedures,team planning and execution methodology,general,leadership,
radio operator,communications specialist / radio technician,general,comms,
promote immediately,strongest recommendation for accelerated advancement,general,performance,
right-hand man,primary deputy,general,leadership,
counterintelligence,security threat mitigation / insider threat prevention,general,intel,
courts-martial proceedings,formal legal proceedings / adjudication,general,legal,
disaster relief operations,natural disaster emergency response operations,general,operations,
served as NCOIC,served as section noncommissioned officer in charge,usaf,leadership,
casualty report,critical equipment failure report,navy,technical,
offensive cyber operations,penetration testing / red team operations,general,cyber,
COSAL allowance,authorized equipment and parts list,navy,equipment,
controlled inventory item,high-value item requiring special tracking,general,equipment,
acquisition management,procurement management / purchasing oversight,general,financial,
earned SNCO of the Quarter,selected as senior manager of the quarter,usaf,performance,
saved man-hours,reduced labor hours,general,performance,
broke down barriers,removed organizational obstacles,general,leadership,
execute order,authorization to proceed,general,operations,
SCBA qualified,self-contained breathing apparatus certified,navy,training,
served as flight chief,served as section supervisor for 20-50 personnel,usaf,leadership,
master training specialist,certified master-level instructor,navy,training,
earned NCO of the Quarter,selected as supervisor of the quarter,usaf,performance,
OPPE results,operational readiness evaluation results,navy,compliance,
EOC operations,emergency operations center management,general,operations,
force health protection,occupational health and safety program,general,medical,
mine countermeasures,underwater threat detection and neutralization,navy,operations,
participated in MEU deployment,participated in expeditionary deployment operations,usmc,operations,
government purchase card program,corporate purchasing card program / procurement card management,general,financial,
aircrew coordination,flight crew resource management,general,aviation,
maintained motor pool,maintained vehicle fleet maintenance facility,army,technical,
prepared naval messages,drafted executive communications,navy,communication,
earned Combat Infantry Badge,earned combat operations qualification badge,army,training,
supported MAGTF operations,supported multi-element combined operations,usmc,operations,
DC drill,damage control emergency drill,navy,safety,
exemplary conduct,exemplary professional conduct,general,performance,
maintained good order and discipline,upheld professional standards and workplace conduct,general,leadership,
transformed the organization,led organizational change and restructuring,general,leadership,
contingency operations,emergency response operations,general,operations,
bench stock,commonly used parts kept at the work center,general,equipment,
sea duty,operational assignment,navy,operations,
route clearance,road safety inspection / route survey operations,general,engineering,
command duty officer,senior on-call manager,general,leadership,
qualified as CDO,certified as after-hours senior facility manager,navy,operations,
combat zone,high-risk operational environment,general,operations,
main body,primary workforce,general,operations,
risk mitigation,risk mitigation,general,safety,
communications watch,network monitoring shift / communications monitoring duty,general,comms,
developed subordinates,coached and developed direct reports,general,leadership,
in port,at home station,navy,operations,
PRT,physical readiness test or fitness assessment,navy,medical,
turned around,reversed declining performance,general,performance,
decision brief,presentation requiring leadership decision,general,communication,
mass casualty drill,mass casualty incident exercise,general,training,
enforced standards,ensured compliance with organizational policies,general,leadership,
FOD walkdown,foreign object debris prevention inspection,general,safety,
sailor of the year,employee of the year,navy,leadership,
board eligible,met all requirements for advancement,general,training,
cold iron,complete system shutdown,navy,technical,
deployment health assessment,pre- and post-assignment medical screening,general,medical,
served as UDM,served as unit deployment manager,usaf,operations,
underway,during operations,navy,operations,
NCOER,noncommissioned officer performance evaluation,army,admin,
advance party,advance planning team,general,operations,
suspense date,deadline for completion,general,communication,
boots on ground,on-site presence,general,operations,
anti-terrorism,threat prevention and force protection,general,security,
Class VII supplies,major end items and capital equipment,general,equipment,
AIT graduate,completed advanced individual training program,army,training,
on hand,currently in stock,general,equipment,
earned Combat Action Ribbon,earned combat operations recognition,usmc,performance,
drafted OPORD,developed operational execution plan,general,communication,
word from on high,direction from senior leadership,general,communication,
selected as Senior Sailor of the Year,selected as senior employee of the year,navy,performance,
white paper,detailed research and recommendation document,general,communication,
wrote evaluations for,authored performance reviews for,general,admin,
coalition operations,multinational partnership operations,general,operations,
rules of engagement,operating guidelines / standard engagement protocols,general,legal,
processed 4187s,processed personnel action requests,army,admin,
flight scheduling,aircraft scheduling / operations planning,general,aviation,
PSD,personnel support detachment or HR office,navy,admin,
deployment cycle,operational rotation,general,operations,
mishap investigation,incident investigation and root cause analysis,general,safety,
conducted proficiency training,delivered skills-based professional development,general,training,
cleared the path,eliminated roadblocks for the team,general,leadership,
permanent change of station,permanent relocation / corporate transfer,general,admin,
combat stress,work-related stress and mental health concern,general,medical,
FEP,fitness enhancement program,navy,medical,
recall roster,emergency contact notification list,general,operations,
DEFCON,defense readiness condition,general,operations,
scored 300 on APFT,achieved maximum score on physical fitness assessment,army,performance,
horizontal construction,road and runway construction / earthwork operations,general,engineering,
trained to standard,trained to meet all certification requirements,general,training,
trained and ready to deploy,fully onboarded and prepared for assignment,general,leadership,
completed ALS,completed initial leadership development course,usaf,training,
completed PMS on schedule,completed all scheduled preventive maintenance on time,navy,technical,
DRMO,surplus property disposal,general,equipment,
turnover,transition of responsibilities,general,operations,
investigations officer,internal investigations manager / compliance investigator,general,legal,
selected as Junior Sailor of the Year,selected as junior employee of the year,navy,performance,
earned Combat Action Badge,earned combat operations qualification badge,army,training,
conducted PMCS,performed preventive maintenance checks and services,army,technical,
attended ALC,completed mid-level supervisor leadership course,army,training,
CO2 system,carbon dioxide fire suppression system,navy,technical,
maintained Zone Inspection readiness,maintained ongoing facility inspection readiness,navy,compliance,
razor sharp,highly precise and detail-oriented,general,performance,
ran drills,conducted emergency preparedness exercises,general,training,
quarters,unit formation or team meeting,general,admin,
freedom of navigation,international maritime patrol operations,navy,operations,
OJT complete,completed on-the-job training,general,training,
peacekeeping operations,stability and support operations,general,operations,
championed the cause,advocated for the initiative,general,leadership,
shore duty,headquarters or support assignment,navy,operations,
turn-in,returned equipment to supply,general,equipment,
received flag letter,received written recognition from executive leadership,general,admin,
administered PQS,administered professional qualification program,navy,training,
owned the battlespace,managed all operations within the assigned area,general,leadership,
OCONUS,outside the continental United States,general,operations,
records management,document management / records retention,general,admin,
served as SAPR VA,served as sexual assault prevention and response victim advocate,navy,admin,
voting assistance officer,employee civic engagement coordinator,general,admin,
can-do attitude,"positive, results-oriented approach",general,performance,
empowered junior leaders,empowered emerging leaders through delegation,general,leadership,
improved readiness,improved operational availability,general,performance,
class A mishap,severity level 1 incident with major loss,general,safety,
performs at the next higher paygrade,performs at the next organizational level,general,performance,
shipmate of the quarter,employee of the quarter,navy,leadership,
inspired warfighters,motivated team members to achieve objectives,general,leadership,
exceeded the standard,surpassed performance benchmarks,general,performance,
quad chart,four-quadrant visual summary,general,communication,
theater of operations,regional area of business operations,general,operations,
open purchase,commercial off-the-shelf procurement,general,equipment,
SPOTREP,spot report or incident notification,general,communication,
war college graduate,completed executive leadership program,general,training,
unlimited potential,demonstrates exceptional growth potential,general,performance,
force beddown,temporary facility setup / rapid site establishment,general,engineering,
served as team leader,served as front-line team supervisor,army,leadership,
operation and maintenance funds,operating budget / O&M budget,general,financial,
equal opportunity advisor,equal employment opportunity specialist,general,admin,
battle tested,proven in high-pressure environments,general,performance,
zone inspection,facility/area compliance inspection,navy,compliance,
forward deployed,stationed in operational area,general,operations,
24/7 operations,around-the-clock operations / continuous coverage,general,operations,
top of the class,ranked first among peers,general,performance,
training cycle,professional development schedule / learning cycle,general,training,
zero loss rate,achieved zero inventory loss,general,performance,
page 13 counseling,documented performance counseling session,navy,admin,
operational readiness rate,equipment availability rate / uptime percentage,general,performance,
negative,no or not confirmed,general,communication,
took the helm,assumed leadership of / took charge of,general,leadership,
PMS,planned maintenance system,navy,equipment,
demobilized from,returned from deployment/activation,general,operations,
plugman,structural damage containment specialist,navy,operations,
master fitness trainer,certified physical fitness program leader,army,medical,
barrier plan,perimeter security design / access control plan,general,engineering,
met every milestone,achieved all project milestones on schedule,general,performance,
ACFT,army combat fitness test,army,medical,
sick call,walk-in medical appointment,general,medical,
selection board,promotion review panel / selection committee,general,training,
combat training center rotation,intensive field training exercise / major training event,general,training,
sponsor,onboarding coordinator for incoming employees,general,admin,
answered the call,responded to critical organizational need,general,leadership,
achieved mission success,successfully completed all objectives,general,performance,
earned 7-level,achieved craftsman-level technical certification,usaf,training,
remedial training,corrective performance coaching,general,training,
served in hostile fire zone,served in hazardous duty environment,general,operations,
nailed the inspection,achieved outstanding inspection results,general,performance,
received Bronze Star Medal,received senior-level achievement/service award,general,admin,
area of responsibility,assigned territory / managed region,general,operations,
in-rate training,specialty-specific professional development,navy,training,
aviation safety program,flight safety management system,general,aviation,
mission capable rate,operational availability rate,general,compliance,
open door policy,accessible leadership communication policy,general,communication,
geospatial intelligence,geographic information systems analysis / location-based analytics,general,intel,
top block evaluation,highest possible performance rating,general,performance,
managed departmental 3M program,managed department-level preventive maintenance program,navy,technical,
TAP/TAPS,transition assistance program,general,admin,
combat leadership,leadership under high-pressure conditions,general,leadership,
assumed the watch,took over shift operations,navy,operations,
served as EKMS manager,served as electronic key/encryption material manager,navy,security,
ahead of schedule,completed before the deadline,general,performance,
area denial operations,restricted access zone management,general,operations,
achieved first class PFT,achieved top-tier physical fitness rating,usmc,performance,
force multiplier,high-impact contributor / productivity amplifier,general,performance,
qualified ahead of peers,achieved certification ahead of timeline,general,training,
received unit citation,received organizational excellence award,general,admin,
demolition operations,controlled demolition / structural demolition,general,engineering,
pipeline,training program,general,training,
participated in CPO 365,participated in year-long leadership development program,navy,training,
mentored up-and-comers,mentored high-potential employees,general,leadership,
exceeded all metrics,surpassed all key performance indicators,general,performance,
tactical communications,field communications / mobile communications systems,general,comms,
hot seat qualified,certified for primary operator role,general,training,
deckplate leadership,hands-on operational leadership,navy,leadership,
managed a section of,managed a team of,general,leadership,
awarded Navy Commendation Medal,received superior performance award,navy,admin,
an exceptional communicator,an exceptional communicator at all organizational levels,general,performance,
mishap,workplace incident,general,safety,
battle handover,operational shift transition brief,general,operations,
secured the plant,performed controlled system shutdown,navy,technical,
served as battalion commander,served as division/regional director,army,leadership,
held accountable,maintained team accountability for results,general,leadership,
served as ISSM,served as information system security manager,navy,security,
safety walkthrough,safety compliance inspection,general,safety,
preventive medicine,preventive health services / occupational health,general,medical,
on the mark,met all specified targets and standards,general,performance,
non-judicial punishment,administrative disciplinary action,general,legal,
safety stand-down,organization-wide safety review day,general,safety,
meritorious mast,formal recognition ceremony,navy,admin,
served as department head,served as senior department director,navy,leadership,
reported directly to,reported directly to,general,leadership,
wrote NCOERs,authored employee performance evaluations,army,admin,
kept the division on track,maintained department alignment with goals,general,leadership,
awarded Air Force Commendation Medal,received superior performance award,usaf,admin,
soldier of the month,employee of the month,army,leadership,
medical hold,held at current assignment pending medical evaluation,general,medical,
served as UFPM,served as unit fitness program manager,usaf,admin,
three-section duty,three-shift rotation schedule,navy,operations,
zero disciplinary issues,maintained clean disciplinary record,general,performance,
target development,priority identification / target market analysis,general,intel,
combat medic,emergency medical technician / field paramedic,general,medical,
interagency operations,multi-agency government operations,general,operations,
set the example,served as a role model / established best practices,general,performance,
all hands,organization-wide or all-personnel,navy,communication,
reduction in rate,demotion,general,admin,
commanded a detachment,managed an independent work group,general,leadership,
on order,ordered and pending delivery,general,equipment,
patient administration,patient records management / healthcare administration,general,medical,
deployed in support of,assigned to support,general,operations,
special staff officer,specialized advisor / subject matter expert,general,leadership,
shift work,rotating shift schedule management,general,operations,
led from the front,led by example in high-pressure situations,general,leadership,
received NJP,received formal disciplinary action,general,admin,
administrative law,regulatory compliance / administrative policy,general,legal,
nozzleman,primary fire suppression operator,navy,operations,
reported aboard,joined the organization,navy,admin,
served as khaki mentor,served as leadership mentor for management candidates,navy,leadership,
awarded restriction,received workplace restriction as discipline,general,admin,
completed SWOS training,completed surface warfare officer training,navy,training,
enlisted record brief,employee profile / personnel summary,general,admin,
served as departmental 3M assistant,served as department maintenance manager,navy,technical,
consistently exceeded expectations,routinely surpassed performance goals,general,performance,
NEC holder,holds specialized professional credential,navy,training,
completed shore tour,completed headquarters/support assignment,navy,operations,
under budget,completed under budget,general,performance,
completed ACSC,completed intermediate-level officer professional school,usaf,training,
respiratory protection program,respiratory safety and equipment program,general,safety,
JHA,job hazard analysis,general,safety,
battle E award,organizational excellence award,navy,performance,
served as squad leader,supervised 13-person operational team,usmc,leadership,
processed evals,completed employee performance evaluations,navy,admin,
welcome aboard package,new hire onboarding materials,navy,admin,
earned Pathfinder qualification,completed advanced navigation and air traffic certification,army,training,
air assault qualified,completed air assault operations training,army,training,
warfare qualified,specialty operations certified,general,training,
man overboard drill,personnel recovery exercise,navy,training,
hand-picked for,selected from competitive pool for,general,leadership,
completed Sergeants Course,completed team leader development course,usmc,training,
increased efficiency,improved operational efficiency,general,performance,
C school graduate,completed advanced technical training,navy,training,
held the line,maintained standards under pressure,general,leadership,
fleet-up,promoted into next-level role / advanced within the team,general,training,
earned Distinguished Graduate,graduated at top of class,usaf,performance,
vertical construction,building construction / structural construction,general,engineering,
under instruction,in training,general,training,
separation date,employment end date,general,admin,
served as battle captain,served as operations shift lead,general,leadership,
selected for Chief Petty Officer,selected for senior management promotion,navy,performance,
cannibalize,sourced parts from another unit or system,general,equipment,
medical surveillance,occupational health monitoring / health screening,general,medical,
passed ATG assessment,passed external readiness assessment,navy,compliance,
served as LCPO,served as department supervisor,navy,leadership,
EPR,enlisted performance report,usaf,admin,
commanders intent,leadership vision and desired end state,general,communication,
shelf life item,item with expiration-based inventory management,general,equipment,
served as DCPO,served as safety/damage control petty officer,navy,leadership,
lessons learned,post-project improvement findings,general,operations,
relief in place,personnel replacement and handover,general,operations,
knows no boundaries,demonstrates exceptional initiative,general,leadership,
APFT,physical fitness test,army,medical,
NEC qualified,earned additional specialty certification code,navy,training,
liaison with,coordinated with,general,communication,
qualified as EOOW,certified as engineering operations shift supervisor,navy,operations,
train the trainer certified,certified as instructor of instructors,general,training,
AOR,assigned area of responsibility,general,operations,
passed with zero findings,achieved full compliance with no deficiencies,general,performance,
for your SA,for your situational awareness,general,communication,
secured space,restricted access facility,general,security,
received Joint Service Commendation Medal,received joint organization superior performance award,general,admin,
force protection,personnel and facility security,general,operations,
integrated operations,multi-organization coordinated operations,general,operations,
earned Safety S,earned safety excellence recognition,navy,safety,
watch rotation,shift rotation schedule,navy,operations,
earned Surface Warfare designation,earned surface operations warfare qualification,navy,training,
completed ESWS board,passed comprehensive oral qualification board,navy,training,
stepped up,assumed additional responsibilities,general,leadership,
administrative action,formal administrative disciplinary process,general,admin,
purchase request,procurement authorization form,general,equipment,
LIMDU,limited duty status due to medical condition,navy,medical,
MRC,maintenance requirement card or procedure,navy,equipment,
shattered records,exceeded all historical performance records,general,performance,
draw,issued equipment from supply,general,equipment,
ORM assessment,operational risk management assessment,general,safety,
awarded Navy Achievement Medal,received organizational achievement award,navy,admin,
dual qualified,dual certified in two specialties,general,training,
zero defects,zero-error performance,general,performance,
rallied the team,motivated and aligned the team,general,leadership,
order of battle analysis,competitive landscape analysis / organizational assessment,general,intel,
conducted counseling,provided performance feedback and coaching,general,admin,
maintained hand receipts,maintained property accountability documentation,army,admin,
safety climate survey,workplace safety culture assessment,general,safety,
conducted pre-deployment training,delivered pre-project mobilization training,general,training,
installed and maintained communication systems,deployed and maintained telecommunications infrastructure,general,comms,
led the charge,spearheaded the initiative,general,leadership,
closed the gap,eliminated the performance deficit,general,performance,
top performer in the division,highest-rated employee in the department,general,leadership,
ready now for increased responsibility,immediately qualified for advancement,general,performance,
served as damage control petty officer,served as division safety coordinator,navy,safety,
port operations,maritime terminal operations,navy,operations,
Class II supplies,clothing and individual equipment,general,equipment,
PMC,partially mission capable or limited capability,general,equipment,
completed sea tour,completed operational/field assignment,navy,operations,
command investigation,internal investigation / workplace inquiry,general,legal,
IPAC,personnel administration center,usmc,admin,
water walker,exceptionally high performer,navy,performance,
information assurance,information security / data protection compliance,general,cyber,
frequency management,spectrum management / radio frequency coordination,general,comms,
conducted UCI preparation,prepared organization for compliance inspection,usaf,compliance,
CGSC graduate,completed intermediate leadership education,army,training,
served as first sergeant,served as senior enlisted advisor and personnel manager,usaf,leadership,
peak performance,optimal operational output,general,performance,
inventory reconciliation,physical count verification against records,general,equipment,
maintained operational tempo,sustained high-volume workflow / kept pace of operations,general,performance,
attended SGM Academy,completed executive-level leadership course,army,training,
retrograde of equipment,equipment return and redistribution,general,logistics,
field maintenance operations,on-site equipment maintenance / mobile repair operations,general,logistics,
attended WLC/BLC,completed first-line supervisor leadership course,army,training,
NIIN,national item identification number,general,equipment,
hearing conservation program,occupational hearing protection program,general,safety,
crushed it,delivered exceptional results,general,performance,
captain's mast,administrative disciplinary hearing,navy,admin,
combat engineering,construction and demolition engineering / field engineering,general,engineering,
action item,assigned task requiring completion,general,communication,
completed Army readiness training,completed organizational readiness certification,army,training,
received CSMC score of,received maintenance readiness score of,navy,compliance,
risk mitigation plan,risk reduction strategy,general,safety,
increased retention,improved employee retention,general,performance,
#1 of all E-6s,ranked #1 among all mid-level supervisors,navy,performance,
joint operations,multi-department collaborative operations,general,operations,
ready for tasking,prepared and available for any assignment,general,performance,
dialed in,precision-focused,general,performance,
issue and receipt,distribution and receiving operations,general,logistics,
battle update brief,operational status meeting,general,operations,
family readiness group,employee family support organization,army,admin,
maintained 100% accountability,maintained full inventory accuracy,general,performance,
quarterdeck watch officer,front desk operations supervisor,navy,leadership,
communications interoperability,cross-platform communications compatibility,general,comms,
hot standby,standby/ready state,navy,technical,
served as UTM,served as unit training manager,usaf,training,
gapped billet,unfilled position,navy,admin,
op-tempo,operational pace,general,operations,
fast-tracked through qualifications,completed certifications on an accelerated timeline,general,training,
claims processing,insurance claims processing / liability management,general,legal,
mission brief,project kickoff meeting,general,operations,
rapid deployment,rapid mobilization / quick-response deployment,general,operations,
conducted inventory management,performed inventory control and tracking,general,logistics,
drug interdiction,counter-narcotics law enforcement operations,general,operations,
maintenance float,spare equipment pool / backup inventory,general,logistics,
promote now,highest recommendation for immediate advancement,general,performance,
met all deadlines,achieved 100% on-time delivery,general,performance,
TLV,threshold limit value for chemical exposure,general,safety,
legal assistance operations,legal advisory services / employee legal support,general,legal,
completed PQS,completed professional qualification requirements,navy,training,
combat qualified,certified for combat/field operations,general,training,
detached from,departed/transferred from,navy,admin,
pathfinder qualified,completed advanced navigation and coordination training,army,training,
achieved Battle E,achieved top operational excellence award,navy,performance,
ergonomic assessment,workplace ergonomic evaluation,general,safety,
temporary additional duty,temporary assignment / short-term project assignment,general,admin,
morning brief,daily standup meeting,general,communication,
hand-carried the issue,personally escalated and resolved the issue,general,leadership,
served as company commander,served as operations director,army,leadership,
CSMP,current ship maintenance backlog,navy,safety,
served as squad leader,served as team supervisor,general,leadership,
officer of the deck,shift supervisor with full operational authority,navy,leadership,
#1 of all E-5s,ranked #1 among all front-line supervisors,navy,performance,
early promote,recommended for accelerated promotion,general,performance,
maintained common operating picture,maintained real-time operational dashboard / situational awareness,general,operations,
flight operations,aviation operations management,general,operations,
base camp construction,temporary facility construction / field site development,general,engineering,
outperformed the competition,outpaced comparable organizations,general,performance,
a proven warrior,a proven performer in high-stress environments,general,performance,
command climate survey,employee engagement and culture survey,general,communication,
supply chain management,end-to-end supply chain management,general,logistics,
NSN,national stock number for cataloged items,general,equipment,
delivered under fire,performed effectively under extreme pressure,general,performance,
took charge of,assumed leadership of,general,leadership,
saved the day,resolved critical issue under time pressure,general,performance,
AFSC trained,completed specialty career field training,usaf,training,
principal staff officer,senior department head / chief advisor,general,leadership,
bridged the gap between officers and enlisted,facilitated communication between leadership and staff,general,leadership,
MDMP,structured decision-making process,army,operations,
hot work,welding and cutting permit-required work,general,safety,
near miss,near-miss incident report,general,safety,
jump qualified,earned airborne operations certification,army,training,
minefield operations,hazardous area management / restricted zone operations,general,engineering,
obligation authority,spending authorization / budget commitment authority,general,financial,
cyber threat intelligence,cybersecurity threat analysis / threat intelligence,general,cyber,
basic training graduate,completed foundational workforce training,general,training,
submitted requisitions,submitted procurement/purchase requests,general,logistics,
IG complaint,formal grievance through oversight channel,general,communication,
ensured mission accomplishment,ensured all objectives were met,general,leadership,
BLUF,executive summary placed first,general,communication,
the embodiment of Navy core values,exemplifies organizational core values,navy,performance,
kept the momentum,sustained progress toward objectives,general,performance,
GPC,government purchase card or corporate procurement card,general,equipment,
exceeded unit standards,surpassed departmental benchmarks,general,performance,
collection management,data collection strategy and oversight,general,intel,
request mast,formal request to meet with senior leadership,usmc,communication,
awarded Air Force Achievement Medal,received organizational achievement award,usaf,admin,
EAWS qualified,earned enlisted aviation warfare specialist certification,navy,training,
stood down,decommissioned or closed,general,operations,
made the cut,met competitive selection criteria,general,performance,
combat ready,fully operational and certified,general,compliance,
signal plan,communications plan / network architecture,general,comms,
took ownership,accepted full accountability,general,leadership,
strengthened the chain of command,improved organizational communication and accountability,general,leadership,
change of command,leadership transition,general,operations,
transfer of authority,transfer of responsibility / handover of authority,general,admin,
served as acting commander,served as interim director,general,leadership,
a true deckplate leader,a hands-on leader who leads from the front,navy,leadership,
liberty,personal time off,navy,admin,
established a forward operating base,established a satellite office / remote operations center,general,operations,
extra duty,additional assigned duties as corrective action,general,admin,
SDS,safety data sheet,general,safety,
CIAL,component identification and authorization list,navy,equipment,
end item,final assembled product or system,general,equipment,
combat casualty care,emergency trauma care / field emergency medicine,general,medical,
warning order,advance notice of upcoming tasking,general,operations,
zero discrepancies,achieved 100% compliance,general,performance,
active shooter drill,active threat response training exercise,general,safety,
civil-military operations,public-private partnership operations,general,operations,
maintained arms room,managed secure property storage facility,army,technical,
post-deployment stand-down,post-assignment recovery period,general,operations,
JPME complete,completed joint professional military education,general,training,
depot-level maintenance,major overhaul at specialized repair facility,general,equipment,
SARP,substance abuse rehabilitation program,general,medical,
keeper of the keys,custodian of critical resources,general,leadership,
filled the gap,addressed critical staffing shortage,general,leadership,
utilities infrastructure,facility utilities management / building systems,general,engineering,
theater security cooperation,international partnership operations,general,operations,
ground safety officer,workplace safety officer,usaf,safety,
qualified personnel in,certified personnel in,general,training,
expert marksman,achieved expert-level proficiency certification,general,training,
warfare qualified,earned professional certification,navy,training,
base operations,facility operations management,general,operations,
mission essential,business-critical,general,performance,
broke the mold,introduced innovative approaches that redefined standards,general,performance,
intermediate-level maintenance,repair performed at regional maintenance center,general,equipment,
chop chain,review and approval routing,general,communication,
med down,unavailable for duty due to medical reason,general,medical,
restriction,limited privileges as disciplinary measure,general,admin,
field sanitation,environmental health and sanitation,general,medical,
put it on the radar,brought it to leadership awareness,general,communication,
battle buddy,accountability partner,army,leadership,
reenlistment eligible,eligible for contract renewal,general,admin,
among the best,recognized as a top performer,general,performance,
assigned to,assigned to,general,admin,
subject matter expert in,recognized authority in / deep expertise in,general,performance,
awarded Meritorious Service Medal,received executive-level achievement award,general,admin,
fill rate,staffing level percentage,general,admin,
formal counseling,formal performance documentation session,general,admin,
leave chit,time-off request form,navy,admin,
served as CFL,served as physical fitness program coordinator,navy,admin,
CENTCOM AOR,Middle East operational region,general,operations,
material condition,equipment and asset condition,navy,safety,
fire drill,fire emergency response drill,general,safety,
ETS,end of term of service date,army,admin,
fitness report,annual performance evaluation,usmc,admin,
medical readiness,health compliance and clearance status,general,medical,
airman of the quarter,employee of the quarter,usaf,leadership,
clean bill of health,passed all compliance reviews,general,performance,
CDB complete,completed career development board review,navy,training,
officer call,leadership-only meeting,general,communication,
port and starboard,alternating two-shift rotation,navy,operations,
downrange,in the operational area,general,operations,
executed change of command,completed leadership transition,general,leadership,
served as ADPE custodian,served as IT equipment custodian,usaf,technical,
CCC,command career counselor,navy,admin,
flight line operations,aircraft ramp operations / apron management,general,aviation,
best in fleet,top-performing unit in the organization,navy,performance,
equipment casualty,equipment failure/malfunction,navy,technical,
no findings,received zero audit findings,general,performance,
days underway,days of deployed operations,navy,operations,
completed NCOA,completed mid-level leadership development course,usaf,training,
reenlistment,contract renewal,general,admin,
reporting aboard,checking in at new assignment,navy,admin,
sustained exceptional performance,consistently delivered outstanding results,general,performance,
board certified,passed oral examination board,general,training,
outstanding rating,achieved the highest performance rating,general,performance,
in country,deployed to the region,general,operations,
above and beyond,exceeded all performance expectations,general,performance,
highest state of readiness,peak operational performance,general,performance,
joint and combined operations,multi-organizational and international operations,general,operations,
received Letter of Commendation,received formal written recognition from senior leadership,general,admin,
RFI,ready for issue or fully serviceable,general,equipment,
unfunded requirements list,unfunded budget request / supplemental funding request,general,financial,
earned 9-level,achieved superintendent-level certification,usaf,training,
guided junior personnel,mentored entry-level employees,general,leadership,
pre-deployment workup,pre-assignment preparation and training,general,operations,
supervised the training of,oversaw professional development for,general,leadership,
supported ATG assessment,supported external readiness assessment team,navy,compliance,
combined operations,multi-organization collaborative operations,general,operations,
submitted awards,submitted employee recognition nominations,army,admin,
passed INSURV,passed major regulatory compliance inspection,navy,compliance,
NSTM,Naval Ships Technical Manual / technical reference,navy,technical,
program objective memorandum,multi-year budget proposal / strategic financial plan,general,financial,
ORM,operational risk management assessment,navy,safety,
movement to contact,proactive engagement / outreach operations,general,operations,
surge,increased operational capacity,general,operations,
cost-benefit analysis,cost-benefit analysis / return on investment analysis,general,financial,
sustained operations,continuous operations / around-the-clock activities,general,operations,
medical readiness classification,employee health clearance status,general,medical,
earned information warfare designation,earned information operations warfare qualification,navy,training,
groomed for command,developed for senior leadership,general,leadership,
heads up,advance notification of upcoming issue,general,communication,
received Purple Heart,received combat injury recognition,general,admin,
OER,officer performance evaluation,army,admin,
sustainment operations,ongoing support and resupply operations,general,logistics,
school trained not yet qualified,completed coursework pending on-the-job certification,general,training,
served as OIC,served as officer-in-charge / program director,army,leadership,
FYI traffic,information-only distribution,general,communication,
completed deployment,completed extended field assignment,general,operations,
DD-214,certificate of release from employment,general,admin,
syllabus complete,completed required curriculum,general,training,
detaching,separating from current assignment,navy,admin,
safety violation,safety noncompliance finding,general,safety,
participated in COMPTUEX,participated in comprehensive operational training exercise,navy,training,
intelligence cycle,research and analysis lifecycle,general,intel,
survey,formal process for writing off damaged or lost equipment,general,equipment,
operational readiness,organizational preparedness,general,performance,
completed Warrior Leader Course,completed initial leadership development course,army,training,
weapons qualification,proficiency certification / skills verification,general,training,
dwell time,time between operational rotations,general,operations,
instilled discipline,established accountability and work standards,general,leadership,
tasker,assigned project or action item from leadership,general,communication,
PT standards,physical fitness standards,general,medical,
Halon system,fixed gas fire suppression system,navy,technical,
frocked to Chief,given acting senior management authority,navy,admin,
key leader engagement,executive stakeholder relationship management,general,leadership,
locked on,fully committed and focused,general,performance,
A school graduate,completed initial technical training,navy,training,
served as first sergeant,served as senior enlisted manager for 100-200 personnel,army,leadership,
set the example for others to follow,modeled professional behavior and performance,general,leadership,
class C mishap,severity level 3 incident with moderate impact,general,safety,
sortie generation,flight operations throughput / aircraft mission launch rate,general,aviation,
fragmentary order,amendment to existing plan,general,operations,
mission command,empowered leadership / decentralized decision-making,general,leadership,
battle staff,executive operations team / crisis management team,general,leadership,
pre-expend,pre-staged supplies for immediate use,general,equipment,
resource management officer,budget manager / financial controller,general,financial,
contracting officer representative,contract manager / vendor relationship manager,general,financial,
ensured training readiness,verified all staff met training requirements,general,training,
combat proven,validated through operational experience,general,performance,
cross-deck,transferred equipment between units,navy,equipment,
served as company gunnery sergeant,served as senior operations manager,usmc,leadership,
squared away,thoroughly organized and prepared,general,performance,
served as security manager,served as information security program manager,navy,security,
full send,committed fully to achieving the objective,general,performance,
deployment ready,certified operationally ready,general,compliance,
conducted change of command inventory,conducted leadership transition property audit,army,admin,
unmatched technical expertise,unparalleled technical expertise in the field,general,performance,
administrative reduction,demotion / reduction in grade,general,admin,
passed with flying colors,achieved superior results in evaluation,general,performance,
raised the bar,elevated performance standards,general,leadership,
zero defect mentality,zero-error mindset / quality-first approach,general,performance,
phone tree,emergency communication cascade,general,operations,
stood up a new unit,established a new department / launched a new team,general,leadership,
access control,facility access control management,general,security,
safety investigation board,incident investigation committee,general,safety,
frocked to,given acting authority at higher level,navy,admin,
intelligence preparation of the battlefield,comprehensive environmental analysis / market intelligence,general,intel,
danger tag,lockout/tagout safety tag,navy,technical,
attended SLC,completed senior supervisor leadership course,army,training,
equipment readiness rate,equipment availability percentage,general,equipment,
maintained the watch,ensured continuous operational coverage,navy,operations,
unified the effort,aligned cross-functional teams toward common goals,general,leadership,
range qualified,certified in equipment operation and safety,general,training,
safety petty officer,department safety coordinator,navy,safety,
COOL program participant,enrolled in civilian credentialing program,general,training,
served as adjutant,served as chief administrative officer,general,leadership,
tag-out procedures,lockout/tagout safety procedures,navy,technical,
brief sheet,one-page summary document,general,communication,
Class IV supplies,construction materials,general,equipment,
logistics support area,supply and distribution center,general,logistics,
led joint operations,managed cross-functional initiatives,general,leadership,
maintenance turnaround,aircraft servicing cycle / turnaround time,general,aviation,
requisition,purchase order or supply request,general,equipment,
gas free engineering,atmospheric testing and safety certification,navy,safety,
served as XO,served as deputy director/chief operating officer,navy,leadership,
board qualified,passed comprehensive oral qualification examination,general,training,
the finest Senior Chief I have served with,the most exceptional senior manager in my career,navy,performance,
general quarters drill,full-scale emergency response exercise,navy,training,
convoy operations,coordinated fleet movement operations,army,operations,
command fitness leader,unit physical fitness program coordinator,navy,medical,
supported TSTA/FEP,supported multi-phase operational readiness training,navy,training,
awarded Army Commendation Medal,received superior performance award,army,admin,
advanced to,promoted to,general,admin,
served as 3M work center supervisor,served as maintenance section supervisor,navy,technical,
conducted inventories,performed asset accountability audits,army,admin,
EAOS,end of active obligated service date,navy,admin,
brought to bear,leveraged all available resources,general,performance,
watch team supervisor,shift operations supervisor,navy,operations,
served as BN training NCO,served as organization training manager,army,training,
SAPR victim advocate,confidential victim support specialist,general,admin,
risk management framework,cybersecurity risk management framework / NIST compliance,general,cyber,
CONUS,domestic United States,general,operations,
briefed the CO,briefed senior executive leadership,navy,communication,
dual-hatted,served in dual roles simultaneously,general,training,
completed SOS,completed company-grade officer professional school,usaf,training,
affirmative,yes or confirmed,general,communication,
general court-martial,formal felony-level legal proceeding,general,legal,
annual training requirements,annual compliance and certification requirements,general,training,
briefed the XO,briefed deputy director/COO,navy,communication,
COMSEC custodian,communications security custodian,general,security,
attached to,temporarily assigned to,general,admin,
Class III supplies,fuel and lubricants,general,equipment,
held the watch,maintained oversight / served as duty manager,general,leadership,
humanitarian assistance operations,disaster relief and humanitarian aid operations,general,operations,
top performer in division,ranked as top performer in department,general,performance,
100% accountability,maintained complete asset accountability,general,performance,
overmanned,staffed above authorized level,general,admin,
HAZMAT program,hazardous materials management program,general,safety,
command sponsorship,employee sponsorship / relocation assistance,general,admin,
earned Ranger tab,completed elite small unit leadership course,army,training,
TM,technical manual or equipment documentation,army,equipment,
operations center management,command center management / operations hub oversight,general,operations,
AFFF system,aqueous film-forming foam fire suppression system,navy,technical,
unmatched performance,top-tier performance among peers,general,performance,
served as PQS coordinator,served as certification and qualification program manager,navy,training,
trained the next generation,developed the talent pipeline,general,leadership,
entrusted with,selected to manage,general,leadership,
indications and warnings,early warning indicators / predictive analysis,general,intel,
stood up a command,established a new organization,general,operations,
processed out-processing checklist,completed employee offboarding checklist,general,admin,
moved the needle,produced measurable improvement,general,performance,
GQ,general quarters emergency readiness drill,navy,safety,
served as section chief,served as team supervisor for 10-20 personnel,usaf,leadership,
fleet returnee,experienced operational professional returning from field assignment,navy,operations,
set the tone,established organizational standards,general,leadership,
qualified as OOD,certified as senior operations shift supervisor,navy,operations,
eval/fitrep,annual performance review,navy,admin,
talking points,prepared key messages for discussion,general,communication,
completed Corporals Course,completed first-line supervisor course,usmc,training,
completed Advanced Course,completed senior supervisor course,usmc,training,
duty roster management,work schedule management / shift scheduling,general,admin,
trusted agent,key team member,general,leadership,
conducted ORI preparation,prepared organization for major readiness inspection,usaf,compliance,
fostered a culture of excellence,cultivated a high-performance work environment,general,leadership,
served on promotion board,served on promotion selection committee,army,admin,
OPTAR,operating target or department budget allocation,navy,equipment,
check in/check out,in-process and out-process,general,admin,
ESWS qualified,earned enlisted surface warfare specialist certification,navy,training,
officer record brief,professional profile / executive summary,general,admin,
prime power operations,large-scale power generation / electrical utility management,general,engineering,
interagency coordination,cross-organizational coordination,general,operations,
property book,organizational property accountability record,army,equipment,
humanitarian assistance,disaster relief and humanitarian aid,general,operations,
assumed duties in the absence of,served as acting manager during absence of,general,leadership,
direct report to,direct report to,general,leadership,
on point,consistently accurate and reliable,general,performance,
SIQ,on bed rest per medical order,navy,medical,
conducted inventory,performed inventory audit,general,logistics,
promote ahead of peers,recommended for early promotion over contemporaries,general,performance,
awarded Army Achievement Medal,received organizational achievement award,army,admin,
TA approved,approved for employer-funded education,general,training,
orders,assignment documentation,general,admin,
counter-insurgency operations,complex security and stabilization operations,general,operations,
instructor qualified,certified as professional instructor,general,training,
say again,please repeat for clarification,general,communication,
classified material handling,sensitive document management / confidential records handling,general,admin,
by the numbers,following standard procedures step by step,general,communication,
back on track,restored to standard performance,general,performance,
operations order,detailed project execution plan,general,operations,
high speed low drag,efficient and effective,general,performance,
profile,medical work restriction documentation,army,medical,
go-to person,subject matter expert and reliable contributor,general,leadership,
fully mission qualified,fully certified for all operational duties,general,training,
communications security,information security / encrypted communications management,general,comms,
authority to operate,security authorization / system accreditation,general,cyber,
decisive operations,primary effort / main objective operations,general,operations,
span of control,number of direct reports / management scope,general,leadership,
Class VIII supplies,medical supplies and equipment,general,equipment,
hoseman,fire suppression support operator,navy,operations,
counseling chit,performance counseling documentation,navy,admin,
guidance from above,direction from senior management,general,communication,
electrical safety program,electrical hazard prevention program,general,safety,
served as NCOIC,served as senior noncommissioned supervisor,army,leadership,
PHA,periodic health assessment,general,medical,
served as command sergeant major,served as senior enlisted executive advisor,army,leadership,
dental readiness,dental health compliance status,general,medical,
served as LPO,served as front-line team lead,navy,leadership,
served as division officer,served as department manager,navy,leadership,
supported real-world operations,supported live operational missions,general,operations,
spot checks,quality assurance inspections,general,technical,
maintained TS/SCI clearance,holds active Top Secret/SCI security clearance,general,security,
decisive leadership,confident and timely decision-making,general,leadership,
no safety violations,zero OSHA/safety violations,general,performance,
responsible for the welfare of,accountable for the well-being of,general,leadership,
REDCON level,readiness condition level,army,operations,
lesson plan author,authored instructional materials and course content,general,training,
curriculum developer,designed and developed training materials,general,training,
number one of all peers,top-ranked employee among all peers,general,performance,
PQS qualified in,professionally qualified and certified in,navy,training,
PACOM AOR,Pacific region of operations,general,operations,
passed inspection,achieved full compliance during audit,general,compliance,
cyber hygiene,cybersecurity best practices / security awareness,general,cyber,
served in combat zone,served in high-risk operational environment,general,operations,
DRMO turn-in,coordinated surplus property disposal,general,logistics,
administrative separation,involuntary termination / administrative discharge,general,admin,
earned air warfare designation,earned aviation operations warfare qualification,navy,training,
spot check,unannounced compliance inspection,general,safety,
served on command triad,served on executive leadership team,navy,leadership,
served as squad leader,served as team supervisor for 9-13 personnel,army,leadership,
task organized,restructured teams for specific objectives,general,leadership,
pass the word,disseminate information,navy,communication,
tireless work ethic,consistently high-performing,general,leadership,
IDP on file,individual development plan documented,general,training,
deckplate leader,hands-on frontline leader,navy,leadership,
unity of effort,coordinated teamwork / aligned objectives,general,leadership,
completed maintenance checks,completed preventive maintenance inspections,general,technical,
pinned Chief,promoted to senior management level,navy,admin,
briefed general officers,presented to C-suite executives,army,communication,
muster,accountability formation or roll call,navy,admin,
medical evacuation operations,emergency patient transport / air ambulance operations,general,medical,
stood up the JOC,established the joint operations center,general,operations,
stood EOOW watches,supervised 24/7 engineering plant operations as shift supervisor,navy,operations,
built unit cohesion,strengthened team collaboration and morale,general,leadership,
all-hands call,organization-wide town hall meeting,general,communication,
served as senior enlisted advisor,served as senior workforce advisor,general,leadership,
developed lesson plans,created training curriculum / designed course materials,general,training,
served as superintendent,served as senior operations superintendent,usaf,leadership,
served as scene leader,served as on-scene incident commander,navy,operations,
produced intelligence estimates,produced analytical forecasts / risk assessments,general,intel,
command ombudsman,employee liaison and family support coordinator,navy,admin,
no discrepancies noted,clean audit results with no findings,general,compliance,
surface warfare qualified,earned surface operations professional certification,navy,training,
budget execution,budget management and expenditure tracking,general,financial,
maintained satellite communications,managed satellite-based communications systems,general,comms,
signed off,certified and approved,general,training,
FMC,fully mission capable or fully operational,general,equipment,
served as at-sea fire party member,served as emergency fire response team member,navy,operations,
Class IX supplies,repair parts and components,general,equipment,
signed PQS for,certified personnel qualification completion for,navy,training,
cross-trained,trained across multiple disciplines,general,training,
fit for duty,cleared for full work duties,general,medical,
submitted SITREP,submitted status report to leadership,general,communication,
command and control,management oversight and coordination,general,leadership,
explosive safety,explosive and ordnance safety protocols,general,safety,
hand receipt,signed equipment custody document,army,equipment,
established battle rhythm,established recurring operational cadence,general,leadership,
read ahead,pre-meeting briefing materials,general,communication,
confined space entry,confined space entry safety procedure,general,safety,
triage operations,emergency patient prioritization / triage management,general,medical,
zero deficiencies,zero audit findings/deficiencies,general,compliance,
service record,official personnel file,general,admin,
mishap free,zero workplace incidents,general,safety,
SITREP,situation report or status update,general,communication,
mission debrief,after-action review meeting,general,operations,
exceeds standards,consistently surpasses performance benchmarks,general,performance,
left seat right seat ride,supervised transition period with predecessor,army,operations,
ran a tight ship,maintained high operational standards,general,leadership,
served as CPO mess president,served as senior management council president,navy,leadership,
equipment serviceability rate,equipment availability / asset uptime rate,general,logistics,
maintained AF Form 623,maintained individual training records,usaf,admin,
vulnerability assessment,security vulnerability assessment / penetration testing,general,cyber,
preflight inspection,pre-operation safety inspection / equipment check,general,aviation,
mission planning,project planning and preparation,general,operations,
a consummate professional,a consummate professional,general,performance,
selected as Blue Jacket of the Year,selected as top entry-level employee of the year,navy,performance,
must promote,highest recommendation for immediate promotion,general,performance,
copy,message received and understood,general,communication,
PPE compliance,personal protective equipment compliance,general,safety,
FLIPL,financial liability investigation for lost property,army,equipment,
fiscal year planning,annual budget planning / fiscal year forecasting,general,financial,
delivered results under pressure,produced outcomes in demanding conditions,general,performance,
conducted ship-to-shore movement,coordinated complex personnel and equipment transfer operations,usmc,operations,
earned Enlisted Surface Warfare Specialist,earned advanced surface operations qualification,navy,training,
forward deployed,assigned to remote operations,navy,operations,
special request chit,formal request form,navy,admin,
anti-piracy operations,maritime law enforcement operations,navy,operations,
stand by,please wait for further information,general,communication,
COMSEC material,encrypted communications material,general,security,
imagery intelligence,satellite and aerial imagery analysis,general,intel,
brought online,successfully launched,general,performance,
served as CMEO,served as equal opportunity program manager,navy,admin,
FPCON,security alert level,general,operations,
steady state,normal operations,general,operations,
SNCO academy graduate,completed senior leadership development program,general,training,
hazard identification,workplace hazard identification,general,safety,
#1 of all E-7s,ranked #1 among all senior managers,navy,performance,
up and running,fully operational,general,performance,
served as PME instructor,served as professional development instructor,usmc,training,
earned Expert Infantry Badge,earned advanced infantry proficiency certification,army,training,
up the chain,escalated to higher management,general,communication,
indoc,new employee orientation program,general,admin,
patrol base operations,forward operating base activities / remote site operations,general,operations,
held feet to the fire,enforced accountability for deliverables,general,leadership,
stability operations,stabilization and support activities,general,operations,
class B mishap,severity level 2 incident with significant damage,general,safety,
threat assessment,risk assessment / threat analysis,general,intel,
counter-terrorism operations,counter-terrorism and force protection operations,general,operations,
THA,tool hazard analysis,general,safety,
organizational-level maintenance,routine maintenance performed by operating unit,general,equipment,
earned Airman of the Quarter,selected as employee of the quarter,usaf,performance,
tag out,lockout/tagout safety procedure,navy,safety,
knocked it out of the park,far exceeded expectations,general,performance,
noncombatant evacuation,civilian evacuation operations,general,operations,
served as battalion sergeant major,served as senior enlisted executive advisor for 800+ personnel,usmc,leadership,
principal advisor to the commander,chief advisor to the executive director,general,leadership,
human intelligence,human source information gathering / interview-based research,general,intel,
combat stress control,crisis counseling / behavioral health support,general,medical,
marine of the quarter,employee of the quarter,usmc,leadership,
established communications architecture,designed and deployed network infrastructure,general,comms,
supply discipline,inventory control / asset accountability,general,logistics,
fund execution rate,budget utilization rate / spend rate,general,financial,
conducted AAR,led post-project lessons learned review,general,communication,
stood watch,supervised operational shift,navy,operations,
passed LOE,passed engineering systems readiness examination,navy,compliance,
served as CO,served as commanding officer/chief executive,navy,leadership,
CPO Mess,Senior Leadership Team,navy,leadership,
FMF qualified,earned Fleet Marine Force qualification,navy,training,
conducted training,developed and delivered training,general,training,
in-processing procedures,employee onboarding procedures,general,admin,
roger that,understood and acknowledged,general,communication,
100% mission completion,achieved a 100% task completion rate,general,performance,
material inspection,equipment condition assessment,navy,compliance,
fall protection,fall prevention and safety system,general,safety,
set the standard,established the performance benchmark,general,performance,
huddle up,quick team meeting,general,communication,
CBRN drill,"chemical, biological, radiological, nuclear response drill",general,safety,
from the ground up,from initial concept to completion,general,performance,
career counselor,employee career advisor,general,admin,
selected as Sailor of the Quarter,selected as employee of the quarter,navy,performance,
served as platoon sergeant,served as senior operations supervisor for 40+ personnel,usmc,leadership,
maximum effort,full commitment to achieving results,general,performance,
firemain system,facility fire water distribution system,navy,technical,
urinalysis coordinator,workplace drug testing program coordinator,general,admin,
qualified in rate,earned professional certification in specialty,general,training,
unfunded requirement,budget shortfall for required item,general,equipment,
earned the trust and confidence of,earned the full confidence of senior leadership,general,performance,
flag it,highlight for leadership attention,general,communication,
received Defense Meritorious Service Medal,received defense-level executive achievement award,general,admin,
master training specialist,certified master instructor / lead training facilitator,general,training,
tech school graduate,completed technical skills training,usaf,training,
directed multi-echelon operations,managed multi-level organizational operations,general,leadership,
accountability report,personnel status and location report,general,operations,
backbone of the unit,essential to organizational success,general,leadership,
be advised,please note the following information,general,communication,
completed advanced training,completed advanced professional development,general,training,
exceeded readiness goals,surpassed operational preparedness targets,general,performance,
manning document,staffing authorization document,general,admin,
light duty,modified work assignment due to medical restriction,general,medical,
built the team from scratch,recruited and developed a new team,general,leadership,
boots on the ground,deployed personnel,general,operations,
charted the course,developed the strategic direction,navy,leadership,
medical supply management,pharmaceutical and medical supply chain management,general,medical,
served as platoon sergeant,served as senior operations supervisor for 30-50 personnel,army,leadership,
served as platoon leader,served as operations team lead,army,leadership,
coordinated with adjacent units,coordinated with peer departments / partner teams,general,operations,
network security monitoring,security operations center monitoring / SIEM management,general,cyber,
undermanned,staffed below authorized level,general,admin,
GMT complete,completed mandatory annual compliance training,general,training,
superior mission accomplishment,exceptional project delivery / outstanding results,general,performance,
brief up,present to leadership,general,communication,
breaking in,onboarding and training,general,training,
battle damage assessment,impact and damage evaluation,general,operations,
performed with distinction,delivered exceptional results / excelled,general,performance,
completed Career Course,completed mid-level supervisor course,usmc,training,
drove results,consistently delivered measurable outcomes,general,leadership,
unity of command,clear reporting structure / single point of authority,general,leadership,
meritorious promotion,performance-based early promotion,general,admin,
received Letter of Appreciation,received formal written appreciation from leadership,general,admin,
survivability positions,reinforced protective structures / hardened facilities,general,engineering,
aircraft weight and balance,load planning / weight distribution management,general,aviation,
coordinated with higher headquarters,coordinated with corporate headquarters / senior leadership,general,operations,
distinguished graduate,graduated with honors,general,performance,
earned Airborne qualification,completed airborne operations certification,army,training,
served as fire team leader,served as small team lead,general,leadership,
in theater,on-site at operational location,general,operations,
unprecedented results,achieved historic performance milestones,general,performance,
staff meeting,leadership coordination meeting,general,communication,
net call,conference call or group communication,general,communication,
rear detachment,home station support team,army,operations,
safety observer,safety monitor,general,safety,
network operations center,IT operations center / network management hub,general,comms,
personnel readiness,workforce readiness / staffing preparedness,general,admin,
PCS to,transferred/relocated to,general,admin,
MOS qualified,certified in occupational specialty,army,training,
IA deployment,individual deployment/temporary assignment,general,operations,
sustained superior performance,maintained outstanding results over an extended period,general,performance,
zero lost time,zero lost-time incidents,general,performance,
sharpened the focus,refined team priorities and direction,general,leadership,
military justice,workplace disciplinary process / legal proceedings,general,legal,
corrective maintenance,corrective/reactive maintenance repair,general,technical,
reset operations,equipment refurbishment and reconditioning,general,logistics,
at the deckplate level,at the operational/front-line level,navy,leadership,
combat effective,fully operational and productive,general,performance,
operational command,executive oversight / operational authority,general,leadership,
evening brief,end-of-day status meeting,general,communication,
Class I supplies,food and subsistence items,general,equipment,
after-action report,post-project lessons learned report,general,operations,
relieved the watch,completed shift turnover,navy,operations,
mission-ready status,fully operational and prepared,general,performance,
managed a fighting force,managed a high-performance team,general,leadership,
PQS qualified,completed qualification program,navy,training,
watch station qualified,certified to operate independently at assigned station,navy,training,
qualified in rate,demonstrated competency in assigned specialty,navy,training,
bottom line up front,lead with the key conclusion,general,communication,
billet,authorized position,navy,admin,
correspondence management,business correspondence / official communications management,general,admin,
strength management,headcount management / workforce planning,general,admin,
honor graduate,top-ranked graduate,general,performance,
TOC operations,tactical operations center management,army,operations,
information operations,strategic communications / information management,general,operations,
received Meritorious Unit Commendation,received organizational merit award,general,admin,
redeployment,return from operational deployment,general,operations,
battlespace,operational environment / competitive landscape,general,operations,
collective training event,team-based training exercise / group workshop,general,training,
head count,personnel accountability check,general,operations,
served as DCTT member,served as safety training team member,navy,training,
cyber incident response,security incident response / breach containment,general,cyber,
hand-picked by the CO,personally selected by the director,general,leadership,
served as urinalysis coordinator,served as substance abuse testing program coordinator,navy,admin,
3M system,planned maintenance management system,navy,safety,
combat multiplier,force multiplier / high-impact contributor,general,performance,
CLEP tested,earned college credit through standardized testing,general,training,
garrison operations,routine facility and personnel management,army,operations,
OPR,officer performance report,usaf,admin,
completed Top Level School,completed executive leadership course,usmc,training,
conducted PFT/CFT,completed organizational physical fitness assessment,usmc,training,
page 13,administrative counseling record,navy,admin,
aircraft availability rate,fleet availability rate / aircraft uptime percentage,general,aviation,
PCA,local reassignment,general,admin,
MEB,medical evaluation board review,general,medical,
GAR model,risk assessment tool,uscg,safety,
performed PMS,executed scheduled preventive maintenance,navy,technical,
designated instructor,certified trainer,general,training,
managed a supply account,managed inventory account / procurement account,general,logistics,
medical board,medical fitness for duty review board,general,medical,
NMC,non-mission capable or out of service,general,equipment,
ASI qualified,earned additional skill identifier certification,army,training,
Class V supplies,ammunition and explosives,general,equipment,
network operations,network administration / IT infrastructure management,general,cyber,
mobilized for,activated/deployed for,general,operations,
OSHA compliance,workplace safety regulatory compliance,general,safety,
allowance list,authorized inventory of required items,general,equipment,
mentored junior leaders,mentored emerging leaders / coached new supervisors,general,leadership,
selected as Sailor of the Year,selected as employee of the year,navy,performance,
flawless execution,error-free implementation,general,performance,
maintenance availability,scheduled maintenance downtime window,general,equipment,
liberty port,scheduled port visit,navy,operations,
point paper,executive summary or issue brief,general,communication,
stood OOD watches,served as senior operations shift supervisor responsible for all organizational activities,navy,operations,
completed SNCOA,completed senior leadership development course,usaf,training,
stood watch as OOD,served as senior on-duty manager,navy,leadership,
signal support,IT support / communications infrastructure support,general,comms,
gain and loss report,personnel arrivals and departures report,general,admin,
scored 600 on ACFT,achieved maximum score on physical fitness assessment,army,performance,
completed SABC training,completed self-aid/buddy care first responder training,usaf,training,
PT DLCPO,Part-Time Division Senior Supervisor,navy,leadership,
handled classified material,managed sensitive/classified information,general,security,
open-source intelligence,open-source data analysis / public information research,general,intel,
served as battle NCO,served as operations center shift supervisor,army,operations,
deadline,non-operational due to required maintenance,army,equipment,
served as fire team leader,led 4-person tactical team,usmc,leadership,
earned 5-level,achieved journeyman-level technical certification,usaf,training,
managed USR report,managed unit status/readiness report,army,compliance,
plan of the day,daily schedule and announcements,navy,communication,
air traffic control,air traffic management / airspace coordination,general,aviation,
unit citation,organizational achievement award,general,performance,
stood the watch,maintained continuous operations,navy,performance,
hit the ground running,achieved immediate productivity,general,leadership,
shift operations,rotating shift coverage / multi-shift operations,general,operations,
completed all prerequisite training,completed all required certifications,general,training,
stacked the deck,assembled the strongest team and resources,general,performance,
managed divisional 3M program,managed section-level preventive maintenance program,navy,technical,
hot wash,immediate after-action debrief,general,communication,
BCA,body composition assessment,navy,medical,
defensive cyber operations,cybersecurity defense / network security operations,general,cyber,
light off,system startup/initialization,navy,technical,
individual training plan,personal development plan / individual learning plan,general,training,
served aboard amphib,served aboard amphibious operations vessel,usmc,operations,
firewall five,received the maximum performance evaluation score,navy,performance,
served as 3M coordinator,served as preventive maintenance program manager,navy,technical,
served as readiness NCO,served as organizational readiness coordinator,army,operations,
PEB,physical evaluation board review,general,medical,
earned Air Assault qualification,completed helicopter assault operations certification,army,training,
served as ESO,served as educational services officer / training coordinator,navy,training,
field operations,remote site operations,army,operations,
distribution management,distribution logistics / shipping and receiving management,general,logistics,
safety council,safety review board,general,safety,
earned the respect of,built credibility with,general,leadership,
served as DCTT team leader,served as safety training team lead,navy,training,
logistics readiness,supply chain preparedness / operational logistics readiness,general,logistics,
fleet logistics,enterprise-wide supply operations,navy,logistics,
system hardening,security hardening / system configuration management,general,cyber,
clean sweep,passed all inspection areas,general,performance,
kept the lights on,ensured operational continuity,general,performance,
COOP plan,continuity of operations plan,general,operations,
put the mission first,prioritized organizational objectives,general,leadership,
exceeded standards,surpassed performance benchmarks,general,performance,
managed OPTAR,managed annual operating budget,navy,logistics,
first to volunteer,proactively seeks challenging assignments,general,leadership,
medical logistics,healthcare supply chain / medical equipment management,general,medical,
mission planning cycle,project planning process / operational planning cycle,general,operations,
mission accomplished,objective achieved,general,performance,
worked in S6,supported the unit IT/communications team by troubleshooting issues and restoring network services,army,cyber,Common shorthand in bullets
coordinated with BN S6,partnered with the unit IT team to resolve outages and restore service availability,army,cyber,Battalion S6 coordination
served as COMSEC custodian,"managed communications security controls, safeguarding cryptographic materials and ensuring compliance",general,compliance,Avoid too-classified wording; focus on compliance
worked with the IAO,partnered with the cybersecurity compliance lead to document controls and reduce security risk,general,cyber,IAO often means IA/RMF lead
sent to BDE S1,routed personnel actions through the brigade HR office to meet administrative timelines,army,administration,Personnel processing
synced with BDE S3,aligned plans and schedules with the operations office to support on-time execution,army,operations,Ops planning coordination
coordinated with BDE S4,coordinated supply and sustainment requirements with the logistics office to prevent shortages,army,logistics,Logistics coordination
supported cutter operations,"supported vessel operations through planning, coordination, and readiness tracking",uscg,operations,Coast Guard cutter term
qualified as boat crew,earned qualification as a small boat operations team member through training and evaluated performance,uscg,training,Qualification pipeline
led a boarding team,"led maritime inspection operations, ensuring safety, compliance, and effective execution",uscg,security,ME/boarding operations
EOOW,"supervised engineering plant operations during high-risk shifts, ensuring safety compliance and operational continuity",navy,operations,Nuclear/engineering watchstanding shorthand
EOW,"supervised technical operations during assigned shifts, accountable for equipment status and team performance",navy,operations,Engineering watchstanding shorthand
PPWO,"led propulsion plant operations, coordinating personnel and equipment to maintain regulatory compliance",navy,maintenance,Propulsion plant watchstanding
SRO,oversaw reactor operations and compliance activities to ensure safe and efficient plant performance,navy,maintenance,Senior reactor operations shorthand
RO,monitored and controlled reactor systems to maintain safe operating parameters,navy,maintenance,Reactor operator shorthand
EDPO,managed divisional maintenance planning and personnel development to improve readiness outcomes,navy,leadership,Maintenance program management
ER09,led urgent corrective maintenance actions to restore equipment availability and reduce downtime,navy,maintenance,Engineering casualty shorthand
ERUL,coordinated rapid response logistics and maintenance actions to mitigate equipment failures and restore mission capability,navy,maintenance,Urgent logistics shorthand
DIVO,"supervised 10–25 personnel while managing training, evaluations, and operational execution",navy,leadership,Division officer shorthand
DH,managed department-level operations and personnel performance across multiple teams,navy,leadership,Department head shorthand
SAR,coordinated emergency response operations to safeguard personnel and property under time-critical conditions,uscg,operations,Search and rescue shorthand
AtoN,managed maritime navigation systems to ensure safe and compliant vessel traffic operations,uscg,operations,Aids to navigation shorthand
TACLET,supported specialized maritime security operations within multi-agency environments,uscg,operations,Tactical law enforcement shorthand
boat crew,executed small-team maritime operations ensuring mission success and personnel safety,uscg,operations,Common CG term
boarding team,conducted compliance inspections and security operations to enforce maritime regulations,uscg,compliance,Common CG term
1SG,"served as senior enlisted leader responsible for personnel readiness, discipline, and performance standards across a company-sized organization",army,leadership,First Sergeant shorthand
CSM,advised senior leadership while overseeing workforce standards and readiness across battalion-level operations,army,leadership,Command Sergeant Major shorthand
XO,"served as deputy operations manager coordinating planning, resources, and personnel execution",army,leadership,Executive officer shorthand
CDR,led organizational operations and personnel performance to achieve strategic objectives,army,leadership,Commander shorthand
BN S3,coordinated operational planning and execution across multiple teams to meet mission timelines,army,operations,Staff shorthand
BDE S4,managed brigade-level logistics operations ensuring supply continuity and accountability,army,logistics,Staff shorthand
J3,coordinated joint operational planning and execution across multi-service teams,general,operations,Joint staff shorthand
J4,managed joint logistics planning and supply chain execution across multiple units,general,logistics,Joint staff shorthand
J2,integrated multi-source intelligence to support strategic decision-making,general,intelligence,Joint staff shorthand
J6,oversaw enterprise communications and IT operations supporting mission continuity,general,cyber,Joint staff shorthand
G3,managed organizational operations planning and readiness tracking,army,operations,Army staff shorthand
G4,oversaw logistics strategy and resource distribution to sustain operations,army,logistics,Army staff shorthand
maintained 100% accountability,"ensured complete asset accountability, preventing discrepancies and compliance violations",general,logistics,High-frequency eval bullet stem
led X personnel,"supervised a team of X personnel, driving performance and measurable operational outcomes",general,leadership,Template placeholder; replace X when known
trained X personnel,"delivered structured training to X team members, improving readiness and performance standards",general,training,Template placeholder; replace X when known
reduced downtime,implemented corrective actions that decreased equipment downtime and improved operational availability,general,maintenance,Outcome phrasing
improved readiness,improved operational readiness through targeted training and maintenance initiatives,general,operations,Outcome phrasing
conducted inspections,performed compliance audits identifying gaps and implementing corrective action plans,general,compliance,Inspection mapping
