military_term,civilian_equivalent,context,category,example_military,example_civilian
personnel,staff / employees / HR,general,term,,
reorder point,minimum stock trigger / replenishment threshold,logistics,logistics,,
MASINT,measurement and signatures intelligence / technical data collection,intelligence,intelligence,,
COLA,cost of living allowance / location-based pay supplement,financial,financial,,
billet,authorized position / funded role,personnel,personnel,,
GPC,government purchase card / corporate credit card,logistics,acquisition,,
passdown,shift handover / status briefing,general,term,,
fragmentary order,change order / updated directive,general,term,,
fire team leader,small team lead,general,leadership,,
labor hour,hourly billing arrangement,logistics,acquisition,,
report,arrive / check in / start,general,term,,
J&A,justification and approval / sole-source rationale document,logistics,acquisition,,
SMSgt (Senior Master Sergeant),Senior Manager,usaf,rank,,
tactical vehicles,fleet vehicles / field vehicles,general,equipment,,
backstop,verification support for cover identity,intelligence,intelligence,,
contingency,emergency response / backup plan,general,term,,
option year,contract renewal period,logistics,acquisition,,
embarked,deployed / traveling for work,general,term,,
division officer,department manager,general,term,,
PO1 (Petty Officer First Class),Supervisor / Senior Team Lead,navy,rank,,
gripe,maintenance discrepancy / deficiency report,aviation,aviation,,
squared away,organized / well-prepared / professional,general,term,,
joint duty,inter-agency assignment,general,term,,
sick bay,medical clinic / health services,general,term,,
leave,paid time off / vacation,general,term,,
UA,unauthorized absence / no-call no-show,general,acronym,,
operational,active / functioning / deployed,general,term,,
MWR,"Morale, Welfare and Recreation / employee services",general,acronym,,
tour of duty,assignment length / contract period,general,term,,
legend,cover story / assumed identity background,intelligence,intelligence,,
LTC (Lieutenant Colonel),Senior Director,army,rank,,
UNODIR,unless otherwise directed,general,acronym,,
military bearing,professional demeanor / composure,general,term,,
SATCOM,satellite communications,general,equipment,,
LES,leave and earnings statement / pay stub,financial,financial,,
hand receipt,property accountability document,logistics,logistics,,
Lt Col (Lieutenant Colonel),Senior Director,usaf,rank,,
squadron,operational unit of 100-300 employees,general,unit type,,
TBS,The Basic School / officer training,general,acronym,,
SA (Seaman Apprentice),Junior Staff Member,uscg,rank,,
voucher,payment authorization / reimbursement document,financial,financial,,
PPBE,"planning, programming, budgeting, and execution / budget lifecycle process",financial,financial,,
overseas,international / foreign location,general,term,,
DANTES,Defense Activity for Non-Traditional Education Support,general,acronym,,
division,department / team / work group,general,term,,
SDO,Staff Duty Officer / on-call manager,general,acronym,,
PACE plan,primary alternate contingency emergency communication plan,general,planning,,
counseled,provided performance guidance to,general,leadership,,
ETS,Expiration Term of Service / end of contract,general,acronym,,
recall,emergency callback / urgent summons,general,term,,
PWS,performance work statement / deliverables specification,logistics,acquisition,,
NCOIC,Non-Commissioned Officer in Charge / shift supervisor,general,acronym,,
PMO,Provost Marshal Office / military police HQ,general,acronym,,
UIC,Unit Identification Code,general,acronym,,
discharge review,employment separation appeal,legal,legal,,
1LT (First Lieutenant),Manager,army,rank,,
NMC,not mission capable / non-operational / down for maintenance,aviation,aviation,,
LCDR (Lieutenant Commander),Director / Senior Department Head,navy,rank,,
LPO,team lead,navy,leadership,Served as LPO for 15 personnel,Served as team lead for 15 personnel
EP,Top Performer / Early Promote,navy,evaluation,,
dental readiness,dental fitness status / oral health compliance,medical,medical,,
in the fleet,in field operations / working,general,term,,
A school,initial technical training,navy,training,,
orders,assignment notification / transfer paperwork,general,term,,
NKO,Navy Knowledge Online / e-learning platform,general,acronym,,
page 2,emergency contact and dependency record,personnel,personnel,,
combat medic,emergency medical technician / field paramedic,medical,medical,,
FOC,full operating capability / fully operational status,cyber,cyber,,
administrative remarks,official personnel notes / employee file entries,personnel,personnel,,
kit,equipment / tools / supplies,general,term,,
stand down,pause operations / rest period,general,term,,
VA,Veterans Affairs / veterans services,general,acronym,,
USERRA,Uniformed Services Employment and Reemployment Rights Act,general,acronym,,
SN (Seaman),Staff Member,uscg,rank,,
2d Lt (Second Lieutenant),Junior Manager,usaf,rank,,
assigned strength,current headcount / actual staffing,personnel,personnel,,
combat ready,fully operational,general,operations,,
MISO,military information support operations / strategic messaging,general,special operations,,
deployment health,occupational health screening / fitness-for-duty assessment,medical,medical,,
detailing,assignment management / personnel placement,personnel,personnel,,
CINC,Commander in Chief,general,acronym,,
ship,vessel / facility / organization,general,term,,
promotion,advancement / career progression,general,term,,
detail,temporary assignment / special project,general,term,,
IRR,Individual Ready Reserve,general,acronym,,
CONUS,domestic operations,general,operations,,
RDC,Recruit Division Commander / drill instructor,general,acronym,,
FRG,Family Readiness Group,general,acronym,,
UW,unconventional warfare / irregular warfare,general,special operations,,
forward deployed,on-site at client location / field office,general,term,,
galley,dining facility / cafeteria,navy,general,,
BAH,Basic Allowance for Housing / housing stipend,general,acronym,,
COR,Contracting Officer Representative,general,acronym,,
dead drop,concealed exchange point,intelligence,intelligence,,
CMR,Consolidated Memorandum Receipt / inventory document,general,acronym,,
open source,publicly available information,intelligence,intelligence,,
command climate,organizational culture / work environment,general,term,,
hot wash,immediate after-action discussion / quick debrief,general,term,,
secure,finish / complete / lock up,general,term,,
S1,Personnel/Admin section / HR department,general,acronym,,
FORSCOM,Forces Command,general,acronym,,
MSgt (Master Sergeant),Manager,usaf,rank,,
Role 1,first responder care / point-of-injury treatment,medical,medical,,
JPAS,Joint Personnel Adjudication System,general,acronym,,
AIT,Advanced Individual Training / technical certification program,general,acronym,,
SECDEF,Secretary of Defense,general,acronym,,
MAJ (Major),Director,army,rank,,
NATO,North Atlantic Treaty Organization,general,acronym,,
DTS,travel management system,general,logistics,,
inspector general,internal auditor / compliance officer,general,term,,
shipmate,colleague / coworker,navy,general,,
overhead,ceiling,navy,general,,
vulnerability assessment,security testing / penetration testing,cyber,cyber,,
SNCO,Staff Non-Commissioned Officer / senior supervisor,general,acronym,,
relieved,removed from position / terminated,general,term,,
advancement,promotion,general,term,,
rating,job specialty / technical field,general,term,,
TDY,Temporary Duty / business travel,general,acronym,,
smoking lamp,break time / authorized break,general,term,,
GSA,General Services Administration,general,acronym,,
HF/UHF/VHF radio,radio communications systems,general,equipment,,
cadre,training staff / leadership team,general,term,,
fund cite,budget account number / appropriation reference,financial,financial,,
staff,support personnel / administrative team,general,term,,
SECNAV,Secretary of the Navy,general,acronym,,
medic,emergency medical technician / field healthcare provider,medical,medical,,
SgtMaj (Sergeant Major),Senior Director,usmc,rank,,
obstacle construction,barrier installation,engineering,engineering,,
station,assigned location / work position,general,term,,
cost center,budget unit / organizational spending account,financial,financial,,
S2,Intelligence section / analysis department,general,acronym,,
veteran,former military employee,general,term,,
CSM (Command Sergeant Major),Senior Director,army,rank,,
platoon,team of 30-50 / large work group,general,term,,
POA&M,Plan of Action and Milestones / project timeline,general,acronym,,
sweepers,routine cleaning,navy,operations,,
DRMO,surplus property disposal,general,technical,,
sortie,mission,general,operations,,
FTX,field training exercise / hands-on training event,general,acronym,,
NAVFAC,Naval Facilities Engineering Systems Command / Navy construction agency,engineering,engineering,,
POC,point of contact,general,acronym,,
headquarters,corporate office / main office,general,term,,
LZ,landing zone,general,acronym,,
FOIA,Freedom of Information Act request / public records request,legal,legal,,
bandwidth,capacity / available resources,general,term,,
compartmented,restricted access / segmented information,intelligence,intelligence,,
AOR,area of responsibility / managed territory,general,acronym,,
mission essential,critical function / required capability,general,term,,
TEMPEST,emissions security / electronic emanations protection,intelligence,intelligence,,
lifer,career employee / long-term staff,general,term,,
standing watch,on-call duty / shift coverage,general,term,,
case officer,operations manager / field coordinator,intelligence,intelligence,,
claims,damage or injury compensation requests,legal,legal,,
GySgt (Gunnery Sergeant),Manager,usmc,rank,,
NCO,Non-Commissioned Officer / supervisor,general,acronym,,
NVG,night vision equipment / low-light optics,general,equipment,,
at sea,deployed / offshore operations,general,term,,
battle rhythm,recurring meeting schedule / operational cadence,general,operations,,
NEC,specialty qualification,navy,admin,,
BAS,Basic Allowance for Subsistence / meal allowance,general,acronym,,
good to go,ready / approved / cleared to proceed,general,term,,
surplus,excess property / items beyond requirements,logistics,logistics,,
ATO,authority to operate / security certification to deploy,cyber,cyber,,
TACP,tactical air control party / close air support coordinator,general,special operations,,
theater hospital,forward surgical hospital / field hospital,medical,medical,,
hot refuel,refueling with engines running,aviation,aviation,,
AFSC,Air Force Specialty Code / job classification,general,acronym,,
QUAL,qualification / certification,general,acronym,,
ISIC,Immediate Superior in Command,general,acronym,,
hazmat,hazardous materials / dangerous goods,safety,engineering,,
HVAC,"heating, ventilation, and air conditioning",engineering,engineering,,
bench stock,consumable supplies / expendable items on hand,logistics,logistics,,
hangar queen,chronically non-operational equipment,aviation,aviation,,
non-rate,entry-level / undesignated,general,term,,
hump,march / endurance exercise,general,term,,
HQ,headquarters / corporate office,general,acronym,,
IPR,in-progress review / status update meeting,general,acronym,,
APFT,Army Physical Fitness Test / physical readiness assessment,general,acronym,,
ADCON,administrative control,general,acronym,,
duty station,work location / assigned office,general,term,,
SAP,special access program / restricted-access initiative,intelligence,intelligence,,
C school,advanced technical training,navy,training,,
NSW,Naval Special Warfare / Navy special operations,general,special operations,,
plan of the day,daily schedule / agenda,general,term,,
reserve,part-time / on-call,general,term,,
MOU,Memorandum of Understanding / formal agreement,general,acronym,,
patrol,monitoring / surveillance / rounds,general,term,,
SRB,Selective Reenlistment Bonus,general,acronym,,
CASREP,critical equipment failure report,navy,technical,,
Col (Colonel),Executive Director / VP,usmc,rank,,
field grade,senior management,general,term,,
summary court martial,minor judicial proceeding / abbreviated military trial,legal,legal,,
pier,dock / facility entrance,general,term,,
detailer,career counselor / HR placement specialist,general,term,,
NMCI,Navy Marine Corps Intranet,general,acronym,,
TAD,Temporary Additional Duty / temporary assignment,general,acronym,,
line,operational / revenue-generating,general,term,,
Cpl (Corporal),Team Leader,usmc,rank,,
reenlistment,contract renewal / retention,general,term,,
SARC,Sexual Assault Response Coordinator,general,acronym,,
COMSEC,communications security,general,technical,,
source handling,confidential informant management,intelligence,intelligence,,
FAP,Family Advocacy Program,general,acronym,,
CAPT (Captain),Executive Director / VP,navy,rank,,
in port,at home office / not traveling,general,term,,
collateral duty,additional responsibility / secondary assignment,general,term,,
AO,area of operations / assigned region,general,acronym,,
messing,dining,navy,general,,
scuttlebutt,informal information / water cooler talk,navy,general,,
LTJG (Lieutenant Junior Grade),Manager / Project Lead,navy,rank,,
unit,team / department / organizational element,general,term,,
blue jacket,junior enlisted / entry-level employee,general,term,,
QC,Quality Control,general,acronym,,
fleet,enterprise operations unit,general,unit type,,
BOS,base operating support / facility operations,engineering,engineering,,
POV,privately owned vehicle,general,acronym,,
CDC,Career Development Course / professional development program,general,acronym,,
cat shot,catapult launch / assisted takeoff,aviation,aviation,,
CMC,Senior Enlisted Advisor,navy,leadership,,
CPO,Chief Petty Officer,general,acronym,,
arms room,secure storage facility,army,technical,,
COTR,contracting officer technical representative / contract monitor,logistics,acquisition,,
ESR,enlisted service record / employment history file,personnel,personnel,,
squad leader,team supervisor,general,leadership,,
rear detachment,home office support / HQ staff,general,term,,
custody,possession and accountability,logistics,logistics,,
UCMJ,Uniform Code of Military Justice / military legal code,legal,legal,,
end strength,headcount / staffing level,general,term,,
left seat/right seat,job shadowing / transition ride-along,general,term,,
PT,physical training / fitness program,general,acronym,,
effective date,start date,general,term,,
dependents,family members,general,term,,
TMO,Traffic Management Office / shipping coordinator,general,acronym,,
ORM,operational risk management,general,technical,,
chow,meals / cafeteria,general,term,,
fill rate,staffing percentage / position occupancy rate,personnel,personnel,,
CASEVAC,casualty evacuation / emergency patient transport,medical,medical,,
ENS (Ensign),Junior Manager / Associate,navy,rank,,
OCONUS,outside continental United States / overseas,general,acronym,,
qualification,certification / credential,general,term,,
on station,at assigned location / on post,general,term,,
latrine,restroom,general,term,,
naval message,official communication / formal memo,general,term,,
rated,qualified / certified,general,training,,
CAGE code,commercial and government entity code / vendor identification number,logistics,logistics,,
CSMP,maintenance backlog tracking,navy,technical,,
OPSEC,operational security / information security,general,acronym,,
IG,Inspector General / compliance auditor,general,acronym,,
watchstander,shift worker / on-call personnel,general,term,,
pay grade,compensation level / salary band,general,term,,
A1C (Airman First Class),Staff Member,usaf,rank,,
MOS qualified,professionally certified in specialty,army,training,,
2LT (Second Lieutenant),Junior Manager,army,rank,,
regiment,"business unit of 1,000-3,000 employees",general,unit type,,
SSG (Staff Sergeant),Senior Supervisor,army,rank,,
primary duties,core responsibilities,general,term,,
cross-deck,inter-departmental transfer / rotation,general,term,,
field radio,portable communications equipment,general,equipment,,
FAR,Federal Acquisition Regulation / government procurement rules,logistics,acquisition,,
onboard strength,current staffing level,general,admin,,
inter-service,cross-functional / inter-departmental,general,term,,
civil affairs,community engagement / civil-military liaison,general,special operations,,
precept,board guidance letter / selection criteria directive,personnel,personnel,,
INFOSEC,information security,general,technical,,
bridging,cross-training / transitional training,general,term,,
near miss,close call / near-accident incident,safety,safety,,
ladder,stairs / career progression path,general,term,,
barracks,company housing / dormitory,general,term,,
SOC,security operations center / cybersecurity monitoring center,cyber,cyber,,
page 4,service history and qualifications record,personnel,personnel,,
EOD,Explosive Ordnance Disposal / bomb disposal,general,acronym,,
blue team,defensive security team,cyber,cyber,,
LT (Lieutenant),Senior Manager / Department Head,navy,rank,,
head,restroom,general,term,,
firm fixed price,set-price contract / non-adjustable cost agreement,logistics,acquisition,,
homeport,home office / primary work location,general,term,,
preventive maintenance,scheduled maintenance / proactive equipment care,engineering,engineering,,
deploy,travel for work / field assignment,general,term,,
garrison,permanent facility / home office,general,term,,
uniform,dress code / professional attire,general,term,,
SGT (Sergeant),Team Lead / Supervisor,army,rank,,
superior,supervisor / manager,general,term,,
IDIQ,"indefinite delivery, indefinite quantity / flexible-scope contract",logistics,acquisition,,
maintenance,equipment upkeep / preventive care,general,term,,
organizational level maintenance,unit-level routine maintenance,aviation,aviation,,
service record,personnel file / employee record,general,term,,
SIEM,security information and event management / security log analysis platform,cyber,cyber,,
DMZ,demilitarized zone / network buffer zone,cyber,cyber,,
milestone,project checkpoint / achievement marker,logistics,acquisition,,
retention,employee retention / reenlistment,general,term,,
HM,Hospital Corpsman / medical technician,general,acronym,,
CMDCM,Senior Enlisted Advisor,navy,leadership,,
CDRL,contract data requirements list / required deliverables schedule,logistics,acquisition,,
ELINT,electronic intelligence / radar and signal analysis,intelligence,intelligence,,
manning,staffing / headcount,general,term,,
formation,coordinated group movement,aviation,aviation,,
1stLt (First Lieutenant),Manager,usmc,rank,,
say again,please repeat,general,communication,,
ROE,Rules of Engagement / operational guidelines,general,acronym,,
GCPC,government purchase card,general,logistics,,
junior enlisted,entry-level staff,general,term,,
1stSgt (First Sergeant),Operations Manager,usmc,rank,,
DCO,defensive cyber operations / network defense operations,cyber,cyber,,
NSN,National Stock Number / part number,general,acronym,,
seniority,time in position / tenure,general,term,,
DFARS,Defense Federal Acquisition Regulation Supplement,logistics,acquisition,,
NCOES,NCO professional development education,army,training,,
order,directive / instruction / policy,general,term,,
MOS,job specialty code,army,admin,,
watch floor,24/7 operations center / monitoring center,intelligence,intelligence,,
horizontal construction,road and earthwork construction,engineering,engineering,,
deployment,extended business travel / overseas assignment,general,term,,
ACAS,automated compliance and security scanning tool,cyber,cyber,,
PO3 (Petty Officer Third Class),Team Member / Technician,navy,rank,,
grounding,equipment removed from service / operational suspension,aviation,aviation,,
billets authorized,headcount / FTE positions,general,admin,,
flag officer,executive / C-suite,general,term,,
DLA,Defense Logistics Agency,general,acronym,,
purple team,integrated security assessment team,cyber,cyber,,
HUMINT,human intelligence / interpersonal information gathering,intelligence,intelligence,,
high speed,high performer / top talent,general,term,,
SMSgt,senior master sergeant / director,usaf,leadership,,
travel claim,expense report / travel reimbursement request,financial,financial,,
COB,close of business,general,acronym,,
trained,developed and instructed,general,leadership,,
EW systems,electronic warfare / signals systems,general,equipment,,
PO2 (Petty Officer Second Class),Senior Technician / Team Lead,navy,rank,,
separation,termination / end of employment,general,term,,
JTR,Joint Travel Regulations,general,acronym,,
boots on ground,on-site personnel / field staff,general,term,,
Amn (Airman),Junior Staff Member,usaf,rank,,
stovepipe,siloed / working independently without coordination,general,term,,
PFT,Physical Fitness Test,general,acronym,,
CSEL,Senior Enlisted Leader Program,navy,leadership,,
SOP,standard operating procedure,general,admin,,
FOD,foreign object debris / workplace debris hazard,aviation,aviation,,
broadening assignment,rotational assignment / developmental role,general,term,,
DUSTWUN,duty status whereabouts unknown,general,acronym,,
INSURV,Board of Inspection and Survey,general,acronym,,
sub-hand receipt,delegated property accountability,logistics,logistics,,
THA,traffic hazard analysis / workplace hazard assessment,safety,safety,,
walk-in,unsolicited source / volunteer informant,intelligence,intelligence,,
corps,"enterprise division of 20,000-45,000 employees",general,unit type,,
damage control equipment,emergency response equipment / fire suppression systems,general,equipment,,
NAVADMIN,organizational directive,navy,admin,,
target development,subject research and prioritization,intelligence,intelligence,,
GMT,mandatory compliance training,navy,training,,
space,room / area / workspace,general,term,,
line of duty,work-related determination / on-duty status finding,legal,legal,,
expendable,single-use / consumable,logistics,logistics,,
CAC,Common Access Card / security credential,general,acronym,,
JAG,Judge Advocate General / legal department,general,acronym,,
DCA,damage control assistant / safety manager,navy,leadership,,
permanent party,permanent staff,general,admin,,
Pvt (Private),Entry-Level Staff,usmc,rank,,
SCIF,Sensitive Compartmented Information Facility / secure facility,general,acronym,,
hatch,door,navy,general,,
component,division / branch / department,general,term,,
WIA,wounded in action,general,acronym,,
WO,Warrant Officer / technical expert,general,acronym,,
COMINT,communications intelligence / intercepted communications analysis,intelligence,intelligence,,
HAYSTACK,logistics information system / parts identification database,logistics,logistics,,
rack,bed / bunk,general,term,,
independent government estimate,internal cost projection,logistics,acquisition,,
TS/SCI,Top Secret/SCI security clearance,general,technical,,
threat hunting,proactive threat detection / advanced threat search,cyber,cyber,,
SERE,"survival, evasion, resistance, escape / captivity survival training",general,special operations,,
BRAC,Base Realignment and Closure,general,acronym,,
pre-brief,pre-event planning meeting,general,communication,,
quarters,housing / living space,general,term,,
muster report,attendance report,navy,admin,,
ROTC,Reserve Officers' Training Corps,general,acronym,,
SSgt (Staff Sergeant),Senior Supervisor,usmc,rank,,
red team,offensive security testing team,cyber,cyber,,
CBRN equipment,hazardous materials handling equipment,general,equipment,,
gear adrift,unsecured/disorganized equipment,navy,operations,,
tradecraft,operational techniques / professional methodology,intelligence,intelligence,,
COP,combat outpost / remote site,army,operations,,
SEAL,"Sea, Air, and Land operator / Navy special operator",general,special operations,,
ASL,authorized stockage list / approved inventory catalog,logistics,logistics,,
PV2 (Private Second Class),Junior Staff Member,army,rank,,
S6,Communications section / IT department,general,acronym,,
intrusion detection,unauthorized access monitoring,cyber,cyber,,
TPOC,technical point of contact / subject matter liaison,logistics,acquisition,,
personnel recovery,search and rescue / missing person recovery,general,special operations,,
proficiency,skill level / competency,general,term,,
fit for duty,medically cleared for work,medical,medical,,
field fortification,defensive structure construction,engineering,engineering,,
SFC (Sergeant First Class),Manager / Operations Supervisor,army,rank,,
SOCOM,Special Operations Command / elite forces headquarters,general,special operations,,
flight chief,section manager,usaf,leadership,,
duty,shift / on-call responsibility,general,term,,
forensics,digital investigation / evidence analysis,cyber,cyber,,
TECHINT,technical intelligence / technology assessment,intelligence,intelligence,,
JTAC,joint terminal attack controller / air strike director,general,special operations,,
information operations,information warfare / influence campaign management,general,special operations,,
theater,region / operational area,general,term,,
JQR,Job Qualification Requirements,general,acronym,,
shelf life,expiration period / usable lifespan,logistics,logistics,,
PCS,organizational transfer,general,operations,,
MIA,missing in action,general,acronym,,
XO,Executive Officer / deputy director / second-in-command,general,acronym,,
LCPO,Lead Chief Petty Officer / department supervisor,general,acronym,,
medical hold,extended medical observation / medical administrative hold,medical,medical,,
SCPO (Senior Chief Petty Officer),Senior Manager,uscg,rank,,
FITREP,fitness report / officer performance review,general,acronym,,
high-speed,high performer / exceptional employee,general,term,,
FID,foreign internal defense / partner nation military advising,general,special operations,,
tech school,technical training school,usaf,training,,
shore duty,office-based assignment / non-deployable role,general,term,,
AT,annual training,general,acronym,,
MARSOC,Marine Forces Special Operations Command,general,special operations,,
MCO,Marine Corps Order / policy directive,general,acronym,,
starboard,right side,navy,general,,
inport,at home location,navy,operations,,
power of attorney,legal authorization document,legal,legal,,
AFI,policy instruction,usaf,admin,,
bolter,missed approach / failed landing attempt,aviation,aviation,,
force protection,facility security / workplace safety,general,term,,
branch manager,career assignment officer,army,admin,,
tracking,understood / following along,general,term,,
material condition,equipment status / asset readiness,general,term,,
CMEO,equal opportunity program manager,navy,admin,,
3M,Maintenance Management Program,navy,technical,Managed 3M program for 200+ equipment items,Managed preventive maintenance program for 200+ equipment items valued at $5M
strike group,combined operations task force,general,unit type,,
PQS,Personnel Qualification Standards / certification requirements,general,acronym,,
workup,preparation / training cycle,general,term,,
TTPs,tactics techniques and procedures / best practices,general,operations,,
non-expendable,accountable property / tracked assets,logistics,logistics,,
NAF,Non-Appropriated Fund,general,acronym,,
ashore,land-based / office environment,general,term,,
endstate,desired outcome / final objective,general,term,,
taps,end of day / lights out,general,term,,
moored,docked / stationary,navy,operations,,
GCSS,Global Combat Support System,general,acronym,,
post,position / station / assignment,general,term,,
SIQ,Sick in Quarters / medical leave,general,acronym,,
rifle range,training facility / shooting range,general,term,,
JIOC,joint intelligence operations center / combined analysis facility,intelligence,intelligence,,
SOY,Employee of the Year,navy,awards,,
port call,scheduled stop / client visit,general,term,,
debrief,post-event review / lessons learned,general,communication,,
cover down,take responsibility for / fill the gap,general,term,,
MCPO (Master Chief Petty Officer),Director / Senior Director,navy,rank,,
surge,temporary increase in effort / rapid scale-up,general,term,,
retrograde,return shipment / reverse logistics,logistics,logistics,,
DCAS,Defense Contract Audit Services,general,acronym,,
SME,subject matter expert,general,acronym,,
NCOER,NCO Evaluation Report / performance review,general,acronym,,
gapped billet,vacant position,general,admin,,
sand table,tabletop exercise / scenario walkthrough,general,term,,
task order,project-specific work authorization,logistics,acquisition,,
terminal guidance,precision targeting direction,general,special operations,,
EVAL,performance evaluation / annual review,general,acronym,,
statutory board,legally mandated review panel,personnel,personnel,,
SSE,sensitive site exploitation / evidence collection at target site,general,special operations,,
sentencing,penalty determination / punishment assignment,legal,legal,,
2ndLt (Second Lieutenant),Junior Manager,usmc,rank,,
award fee,performance incentive payment,logistics,acquisition,,
squad,team of 8-13 employees,general,unit type,,
OOD,Officer of the Deck / watch supervisor,general,acronym,,
requisition,procurement request,general,logistics,,
litter bearer,patient stretcher carrier / patient transport assistant,medical,medical,,
CHENG,chief engineer / director of engineering,navy,leadership,,
mid-watch,overnight shift / graveyard shift,general,term,,
DD254,security classification specification,logistics,acquisition,,
tour,assignment period / rotation,general,term,,
PTA,practical training assessment,general,acronym,,
TRICARE,military healthcare system,general,acronym,,
cross-domain solution,secure data transfer between networks,cyber,cyber,,
cross-rate,career change / job reclassification,general,term,,
route clearance,road hazard removal / path clearing operations,engineering,engineering,,
supervised,managed,general,leadership,,
kinetic,direct action / hands-on,general,term,,
work order,maintenance request / service ticket,engineering,engineering,,
COMMS,communications officer / IT director,navy,leadership,,
knock it off,stop immediately / cease activity,general,term,,
chop,transfer of authority / reassignment,general,term,,
S3,Operations section / operations department,general,acronym,,
DC,emergency response,navy,technical,,
HHG,household goods / personal property,general,acronym,,
roger,understood / acknowledged,general,communication,,
TSP,Thrift Savings Plan / retirement plan,general,acronym,,
SL,skill level,general,acronym,,
NIPRNET,unclassified government network,cyber,cyber,,
chain of command,organizational hierarchy / reporting structure,general,term,,
APS,army prepositioned stocks / strategic forward inventory,logistics,logistics,,
inspection,audit / compliance review,general,term,,
logistics,supply chain / operations support,general,term,,
OCO,offensive cyber operations / proactive cyber engagement,cyber,cyber,,
copy,received and understood,general,communication,,
cybersecurity service provider,managed security services,cyber,cyber,,
deck plate,frontline / shop floor / ground level,general,term,,
passageway,hallway,navy,general,,
rate,job specialty,navy,admin,,
QA,Quality Assurance,general,acronym,,
commissary,grocery store / employee store,general,term,,
SAPR,Sexual Assault Prevention and Response,general,acronym,,
training command,learning & development / training department,general,term,,
DRB,Disciplinary Review Board,navy,administration,,
combat stress,occupational stress / critical incident stress,medical,medical,,
trigger,decision point / activation criteria,general,term,,
CPO (Chief Petty Officer),Department Supervisor / Manager,navy,rank,,
IDC,independent duty corpsman / autonomous healthcare provider,medical,medical,,
weapons qual,certification / proficiency test,general,term,,
topside,external/outdoor areas,navy,operations,,
TO,technical order,usaf,technical,,
letter of instruction,written directive / formal guidance memo,personnel,personnel,,
TOC,Tactical Operations Center / operations center,general,acronym,,
RPO,Recruit Petty Officer,general,acronym,,
sailor,Navy employee / naval staff,general,term,,
joint,multi-organizational / cross-functional,general,term,,
1st Lt (First Lieutenant),Manager,usaf,rank,,
facilities management,building and infrastructure operations,engineering,engineering,,
independent duty,solo practitioner / autonomous medical provider,medical,medical,,
AB (Airman Basic),Entry-Level Staff,usaf,rank,,
TIG,Time in Grade / time at current level,general,acronym,,
T&M,time and materials / hourly-rate contract,logistics,acquisition,,
turn-in,return to supply / equipment return,logistics,logistics,,
stockage objective,target inventory level,logistics,logistics,,
SEABEE,Naval Construction Battalion / military construction worker,engineering,engineering,,
TSCM,technical surveillance countermeasures / electronic sweep,intelligence,intelligence,,
liberty,scheduled time off,navy,admin,,
serviceable,operational / in working condition,logistics,logistics,,
hard deck,absolute deadline / non-negotiable limit,general,term,,
manifest,roster / inventory list,general,term,,
network monitoring,IT infrastructure surveillance,cyber,cyber,,
sea and anchor detail,departure/arrival team,navy,operations,,
arrested landing,cable-assisted stop / controlled deceleration landing,aviation,aviation,,
PMCS,preventive maintenance checks,army,technical,,
BN,battalion / large organizational unit,general,acronym,,
BCT,Basic Combat Training / initial training program,general,acronym,,
WEPS,weapons officer / tactical systems director,navy,leadership,,
muster,attendance/accountability check,navy,admin,,
IMINT,imagery intelligence / satellite and aerial image analysis,intelligence,intelligence,,
OPTEMPO,operational pace,general,operations,,
vessel,ship / facility,general,term,,
Raider,Marine special operator,general,special operations,,
direct report,subordinate / team member,general,term,,
yellow deck,limited operations / caution conditions,aviation,aviation,,
target package,mission briefing documents / operation plan,general,special operations,,
colors,flag ceremony / opening/closing procedures,general,term,,
sick call,walk-in clinic / daily medical appointment,medical,medical,,
led,directed,general,leadership,,
PTAD,permissive temporary additional duty,general,acronym,,
delayed,stable but requiring eventual treatment,medical,medical,,
port,left side / destination,general,term,,
Role 2,advanced trauma care / emergency stabilization,medical,medical,,
immediate,requiring urgent surgical intervention,medical,medical,,
deliverable,required output / contractual product,logistics,acquisition,,
FSA,Family Separation Allowance,general,acronym,,
readiness,preparedness / operational capability,general,term,,
DA,Department of the Army,general,acronym,,
threat assessment,risk evaluation / threat analysis,intelligence,intelligence,,
EFMP,Exceptional Family Member Program,general,acronym,,
POM,program objective memorandum / multi-year budget proposal,financial,financial,,
TYCOM,Fleet Regional Command,navy,organization,,
collection management,intelligence requirements coordination / data collection planning,intelligence,intelligence,,
SITREP,situation report / status update,general,acronym,,
SELRES,Selected Reserve,general,acronym,,
appellate,appeals process / higher court review,legal,legal,,
non-kinetic,indirect / influence-based / diplomatic,general,term,,
minimal,minor injuries / walking wounded,medical,medical,,
RMF,risk management framework / cybersecurity compliance framework,cyber,cyber,,
1SG,first sergeant / senior operations manager,army,leadership,,
hip pocket training,informal on-the-spot training,general,term,,
defense counsel,defense attorney / legal representative,legal,legal,,
lockdown,facility security restriction,general,operations,,
rotation,assignment cycle / tour schedule,general,term,,
relief,replacement / successor,general,term,,
OER,Officer Evaluation Report / performance review,general,acronym,,
combat zone tax exclusion,tax-free income for deployed personnel,financial,financial,,
allotment,automatic payroll deduction / directed payment,financial,financial,,
TM,technical manual,army,technical,,
S4,Logistics section / supply chain department,general,acronym,,
CSG,Carrier Strike Group,navy,organization,,
OTS,Officer Training School,general,acronym,,
contingency plan,backup plan / business continuity plan,general,planning,,
echelon,organizational level / tier,general,term,,
CI,counterintelligence / insider threat detection,intelligence,intelligence,,
national intelligence,strategic-level analysis,intelligence,intelligence,,
RADAR,radar systems / detection equipment,general,equipment,,
HBSS,host-based security system / endpoint protection platform,cyber,cyber,,
OSINT,open-source intelligence / publicly available information analysis,intelligence,intelligence,,
expeditionary,mobile / rapid deployment capable,general,term,,
gouge,study guide / insider information,general,term,,
battle buddy,accountability partner / work partner,general,term,,
SrA (Senior Airman),Technician / Specialist,usaf,rank,,
VHA,Variable Housing Allowance,general,acronym,,
tacon,tactical control / field-level authority,general,term,,
budget execution,spending management / fiscal plan implementation,financial,financial,,
mess,dining facility / cafeteria,general,term,,
SOW,statement of work / project scope document,logistics,acquisition,,
MSgt,master sergeant / senior manager,usaf,leadership,,
SCI,Sensitive Compartmented Information,general,acronym,,
GPS equipment,navigation systems / location tracking,general,equipment,,
enlisted,non-management / technical staff,general,term,,
ops,operations,general,term,,
brigade,division of 3000-5000 employees,general,unit type,,
exchange,retail store / company store,general,term,,
SF,Standard Form,general,acronym,,
SM,service member / employee,general,acronym,,
evaluation,performance review / employee appraisal,personnel,personnel,,
movement order,travel directive / relocation order,general,term,,
PPE,personal protective equipment,general,acronym,,
3MC,Maintenance Management Coordinator,navy,maintenance,,
expectant,beyond immediate medical capability,medical,medical,,
SSO,security officer,general,technical,,
asset,confidential source / information provider,intelligence,intelligence,,
indoctrination,security orientation and access briefing,intelligence,intelligence,,
DOD,Department of Defense,general,acronym,,
taxi,ground movement of aircraft,aviation,aviation,,
NJP,Non-Judicial Punishment / disciplinary action,general,acronym,,
PME,Professional Military Education / professional development,general,acronym,,
DCTT,emergency response training team,navy,technical,,
execute order,go-ahead directive / implementation order,general,term,,
AR,policy regulation,army,admin,,
clemency,sentence reduction / penalty mitigation,legal,legal,,
COIN,counterinsurgency / population-centric stability operations,general,special operations,,
OIC,Officer in Charge / department head,general,acronym,,
organic,internally owned / in-house,general,term,,
spin up,prepare rapidly / get up to speed,general,term,,
PMS,preventive maintenance,navy,technical,,
consumption rate,usage rate / burn rate,logistics,logistics,,
PMC,partially mission capable / partially operational,aviation,aviation,,
DLR,repairable component,navy,technical,,
PFA,Physical Fitness Assessment,general,acronym,,
pre-deployment,pre-project / preparation phase,general,term,,
fireteam,small team / work group of 4,general,term,,
KO,contracting officer / procurement authority,logistics,acquisition,,
troop,soldier / staff member,general,term,,
MRE,Meal Ready to Eat / field rations,general,acronym,,
medevac,medical evacuation / emergency transport,general,term,,
war reserve,emergency stockpile / strategic reserve,logistics,logistics,,
JFTR,Joint Federal Travel Regulation,general,acronym,,
sea duty,deployable assignment / field position,general,term,,
military judge,presiding judicial officer,legal,legal,,
privacy act,personal data protection regulation,legal,legal,,
COTS,commercial off-the-shelf,general,acronym,,
market research,vendor and industry analysis,logistics,acquisition,,
mine clearance,explosive ordnance removal / minefield remediation,engineering,engineering,,
SQ,Employee of the Quarter,navy,awards,,
transfer,relocation / reassignment,general,admin,,
operational tempo,work pace / activity level,general,term,,
1SG (First Sergeant),Operations Manager,army,rank,,
chit,request form / approval document,general,term,,
demand history,usage trend / historical consumption data,logistics,logistics,,
EEO,Equal Employment Opportunity,general,acronym,,
TSgt (Technical Sergeant),Senior Supervisor,usaf,rank,,
MILPERSMAN,personnel policy manual,navy,admin,,
LtCol (Lieutenant Colonel),Senior Director,usmc,rank,,
issue,distribute / provide from stock,logistics,logistics,,
general quarters,emergency response / all-hands situation,general,term,,
source selection,vendor evaluation and selection process,logistics,acquisition,,
technical evaluation,capability assessment,logistics,acquisition,,
all hands,all employees / full staff,navy,general,,
battle stations,emergency response protocol,general,operations,,
bulkhead,wall,navy,general,,
DPW,director of public works / facilities management director,engineering,engineering,,
IDES,integrated disability evaluation system / medical disability review process,medical,medical,,
will preparation,estate planning document / legal testament drafting,legal,legal,,
RIMPAC,Rim of the Pacific Exercise,general,acronym,,
walking wounded,ambulatory injured / self-mobile patient,medical,medical,,
warrant officer,technical expert / senior specialist,general,term,,
CYBERSEC,cybersecurity,general,technical,,
OPNAV,Office of the Chief of Naval Operations,general,acronym,,
MARADMIN,Marine Administrative Message,general,acronym,,
redline,critical threshold / do-not-exceed limit,general,term,,
legal assistance,pro bono legal services / employee legal aid,legal,legal,,
LOR,letter of reprimand / written disciplinary warning,personnel,personnel,,
JKO,online learning platform,general,training,,
UAV,unmanned aerial vehicle / drone,general,acronym,,
marshalling,aircraft ground guidance / directing vehicle movement,aviation,aviation,,
TCCC,tactical combat casualty care / battlefield emergency medicine,medical,medical,,
small business set-aside,reserved competition for small businesses,logistics,acquisition,,
FLIR,thermal imaging / infrared camera,general,equipment,,
cost analysis,pricing review / financial evaluation,logistics,acquisition,,
AFB,Air Force Base / facility,general,acronym,,
mission ready,prepared / operational / qualified,general,term,,
jury panel,deliberation panel / jury members,legal,legal,,
ACDU,active duty,general,acronym,,
BASH,bird/wildlife aircraft strike hazard / wildlife collision prevention,aviation,aviation,,
deck,floor,navy,general,,
need-to-know,access restricted to relevant personnel,intelligence,intelligence,,
NCOER support form,performance planning document,army,admin,,
security classification guide,information protection policy document,logistics,acquisition,,
OSI,Office of Special Investigations,general,acronym,,
fraternization,inappropriate workplace relationship,general,term,,
underway,in progress / actively operating,general,term,,
platoon sergeant,operations supervisor,army,leadership,,
SONAR,underwater detection systems / acoustic sensors,general,equipment,,
COSAL,parts inventory system,navy,technical,,
MILPER,military personnel,general,acronym,,
augmentee,temporary additional staff,general,admin,,
warning order,advance notice / heads-up notification,general,term,,
family separation allowance,deployment family supplement,financial,financial,,
Green Beret,Army Special Forces soldier,general,special operations,,
CQ,charge of quarters / after-hours supervisor,army,operations,,
restriction,limited privileges / probation,general,term,,
confinement,imprisonment / incarceration,legal,legal,,
staff duty,after-hours duty officer,army,operations,,
HQDA,Headquarters Department of the Army,general,acronym,,
incident response,cybersecurity event management / breach response,cyber,cyber,,
officer,manager / executive,general,term,,
range qualified,certified in weapons safety,general,training,,
touchpoint,check-in meeting / coordination point,general,term,,
FST,forward surgical team / mobile surgical unit,medical,medical,,
tactical intelligence,operational-level analysis,intelligence,intelligence,,
flight lead,team leader / mission commander,aviation,aviation,,
AFLOAT,Shipboard / Maritime Operations,navy,operations,,
lane,area of responsibility / designated role,general,term,,
enabler,support resource / capability multiplier,general,term,,
CONOPS,concept of operations / operational plan,general,planning,,
mishap,workplace accident / safety incident,safety,safety,,
JCS,Joint Chiefs of Staff,general,acronym,,
POW,prisoner of war,general,acronym,,
CO,Commanding Officer / director / executive,general,acronym,,
FEDLOG,federal logistics data / government supply catalog,logistics,logistics,,
wellness check,employee welfare check / mental health screening,medical,medical,,
PT formation,mandatory fitness session,army,training,,
corpsman,combat medic / field medical technician,medical,medical,,
ground truth,verified information / confirmed data,general,term,,
slate,assignment recommendations / position matching list,personnel,personnel,,
dry hole,empty target / unsuccessful operation,general,special operations,,
ASI,additional skill identifier,army,admin,,
turn time,aircraft servicing interval / turnaround time,aviation,aviation,,
radio check,communications test / signal verification,communications,communications,,
courts martial,military trial / judicial proceeding,legal,legal,,
psychological operations,influence operations / strategic communications,general,special operations,,
contract modification,contract amendment / change order,logistics,acquisition,,
command,organization / business unit / department,general,term,,
SJA,Staff Judge Advocate / legal counsel,general,acronym,,
ready for issue,available for distribution / in serviceable condition,logistics,logistics,,
professional development,training / career growth,general,term,,
counseling statement,documented performance feedback,army,admin,,
reveille,wake up call / start of day,general,term,,
trial counsel,prosecutor / government attorney,legal,legal,,
space management,facility allocation / workspace planning,engineering,engineering,,
CDR (Commander),Senior Director / Division Head,navy,rank,,
SEJPME,senior enlisted joint professional education,general,training,,
ESWS,organizational qualification program,navy,training,,
environmental compliance,EPA/regulatory adherence,engineering,engineering,,
real property,government-owned buildings and land / physical assets,engineering,engineering,,
receipt,delivery acceptance / receiving confirmation,logistics,logistics,,
redistribution,reallocation / inventory redistribution,logistics,logistics,,
UST,underground storage tank management,engineering,engineering,,
LCpl (Lance Corporal),Staff Member,usmc,rank,,
PFC (Private First Class),Junior Staff Member,usmc,rank,,
YN,Yeoman / administrative specialist,general,acronym,,
SUPPO,supply officer / logistics director,navy,leadership,,
selection board,senior promotion panel / executive review committee,personnel,personnel,,
SgtMaj,sergeant major / senior enlisted leader,usmc,leadership,,
mass casualty,multiple-victim incident / mass injury event,medical,medical,,
wilco,will comply,general,communication,,
contracting officer,procurement manager / purchasing authority,logistics,acquisition,,
LOD,line of duty,general,acronym,,
ROM,restriction of movement,general,acronym,,
ISR,"intelligence, surveillance, and reconnaissance / monitoring and data collection",intelligence,intelligence,,
watch,shift / duty period,general,term,,
NOC,network operations center / IT monitoring facility,cyber,cyber,,
skipper,commanding officer / CEO / president,general,term,,
warfare,operational specialty,general,term,,
EOOW,Engineering Officer of the Watch / shift supervisor,general,acronym,,
cold start,engine start from powered-down state,aviation,aviation,,
promotion board,promotion review panel,army,admin,,
AFSOC,Air Force Special Operations Command,general,special operations,,
IATT,interim authority to test / temporary security authorization,cyber,cyber,,
prepositioned stock,forward-deployed inventory / pre-staged supplies,logistics,logistics,,
burn bag,classified material destruction container,intelligence,intelligence,,
JSOC,Joint Special Operations Command / tier-one operations authority,general,special operations,,
watch bill,shift schedule / duty roster,general,term,,
competency,skill / qualification,general,term,,
MCPON,Master Chief Petty Officer of the Navy,general,acronym,,
IED,improvised explosive device,general,acronym,,
dog watch,split shift / evening shift,general,term,,
khaki,supervisor / management,general,term,,
phase inspection,scheduled comprehensive maintenance,aviation,aviation,,
LIMDU,limited duty / restricted work assignment,medical,medical,,
ODB,operational detachment bravo / special forces B-team,general,special operations,,
NMCRS,Navy-Marine Corps Relief Society,general,acronym,,
strike,rate selection / career choice,general,term,,
MDEP,management decision package / budget line item,financial,financial,,
CAS,close air support / tactical air strike coordination,general,special operations,,
unserviceable,non-functional / requiring repair,logistics,logistics,,
EPR,annual performance evaluation,usaf,admin,,
task force,project team / special initiative group,general,term,,
general court martial,major judicial proceeding / felony-level military trial,legal,legal,,
PRT,physical fitness assessment,navy,training,,
FMC,fully mission capable / operational ready,general,acronym,,
MCPO,Master Chief / Senior Executive,navy,rank,,
AAR,after-action review / post-project analysis,general,acronym,,
PED,"processing, exploitation, and dissemination / data processing and distribution",intelligence,intelligence,,
crypto,encryption / security systems,general,equipment,,
DFAS,Defense Finance and Accounting Service,general,acronym,,
fitness report,performance evaluation / review,general,term,,
FYDP,future years defense program / long-range spending plan,financial,financial,,
turned over,transferred responsibilities,general,operations,,
CPT (Captain),Senior Manager,army,rank,,
LOE,readiness assessment,navy,technical,,
deconflict,resolve scheduling conflicts / coordinate,general,term,,
E&E,escape and evasion / emergency extraction,general,special operations,,
property book,official asset register / inventory of record,logistics,logistics,,
MILCON,military construction / government construction project,engineering,engineering,,
standby,wait / hold / pending further direction,general,term,,
cyber key terrain,critical digital infrastructure,cyber,cyber,,
board of inquiry,review panel / adjudication board,legal,legal,,
depot level maintenance,factory-level overhaul / major repair facility,aviation,aviation,,
Role 3,hospital-level care / definitive medical treatment,medical,medical,,
Article 15,formal disciplinary action,army,admin,,
EAS,End of Active Service / contract completion date,general,acronym,,
PHA,periodic health assessment / annual physical examination,medical,medical,,
ATG,Training and Readiness Organization,navy,organization,,
indoc,orientation / onboarding,general,term,,
float up,submit for review,navy,admin,,
white space,unscheduled time / available capacity,general,term,,
NLT,no later than / deadline,general,acronym,,
petty officer,supervisor / team lead,general,term,,
yeoman,administrative assistant / office manager,general,term,,
base year,initial contract period,logistics,acquisition,,
DFAC,dining facility,army,general,,
company,department of 100-200 employees,general,unit type,,
berthing,living quarters,navy,general,,
safety stand-down,safety awareness pause / mandatory safety training day,safety,safety,,
OPORD,operations order / project plan,general,acronym,,
IA,Individual Augmentee / temporary assignment,general,acronym,,
affirmative,yes / confirmed,general,communication,,
PAO,Public Affairs Officer / communications manager,general,acronym,,
enclave,isolated network segment,cyber,cyber,,
command deck,executive level / senior leadership,general,term,,
back brief,confirmation briefing / task acknowledgment,general,communication,,
IFF systems,identification systems,general,equipment,,
anchored,parked at remote location,navy,operations,,
MOC,Military Occupational Code,general,acronym,,
SAEDA,subversion and espionage directed against the Army / insider threat awareness,intelligence,intelligence,,
green deck,full operations authorized / all-clear status,aviation,aviation,,
active duty,full-time employment,general,term,,
striker,apprentice / trainee in specialty,navy,training,,
non-rated,unqualified / not yet certified,general,training,,
penetration testing,authorized security testing / ethical hacking,cyber,cyber,,
OCS,Officer Candidate School,general,acronym,,
peacetime,non-deployed / normal operations,general,term,,
net call,network roll call / communications check-in,communications,communications,,
cold iron,all systems shut down / fully powered off,aviation,aviation,,
CMSgt (Chief Master Sergeant),Director,usaf,rank,,
negative,no / denied,general,communication,,
opcon,operational control / day-to-day authority,general,term,,
OJT,on-the-job training,general,acronym,,
AWOL,absent without leave / unauthorized absence,general,acronym,,
below decks,internal/interior areas,navy,operations,,
crew rest,mandatory rest period / regulated downtime,aviation,aviation,,
SIGINT,signals intelligence / electronic communications analysis,intelligence,intelligence,,
COMPTUEX,Multi-Unit Training Exercise,navy,training,,
CMSgt,chief master sergeant / executive leader,usaf,leadership,,
downrange,in the field / at project site,general,term,,
classification authority,information security decision-maker,intelligence,intelligence,,
mission,objective / goal / project,general,term,,
administrative board,organizational review panel,personnel,personnel,,
EDIPI,Electronic Data Interchange Personal Identifier,general,acronym,,
AR 15-6,Army investigation regulation / formal inquiry procedure,legal,legal,,
APT,advanced persistent threat / sophisticated cyber adversary,cyber,cyber,,
CCT,combat controller / special operations air traffic controller,general,special operations,,
JO,Junior Manager,navy,rank,,
incentive fee,bonus for exceeding targets,logistics,acquisition,,
best value,optimal quality-to-cost evaluation,logistics,acquisition,,
MEDINT,medical intelligence / health threat analysis,intelligence,intelligence,,
bow,front,navy,general,,
compound,secure facility / target location,general,special operations,,
OMPF,official military personnel file / employee personnel record,personnel,personnel,,
belay,stop / cancel previous order,navy,operations,,
CSM,command sergeant major / senior enlisted leader,army,leadership,,
fusion center,multi-agency coordination center / integrated analysis center,intelligence,intelligence,,
wargame,scenario planning / simulation exercise,general,term,,
medical readiness,workforce health compliance / medical fitness status,medical,medical,,
DD214,separation document / discharge paperwork,general,acronym,,
mission capable,operationally ready / available for tasking,aviation,aviation,,
intermediate level maintenance,regional repair facility maintenance,aviation,aviation,,
WTI,Weapons and Tactics Instructor,general,acronym,,
FOB,forward operating base,army,operations,,
hot pit refueling,rapid refueling without engine shutdown,aviation,aviation,,
wingman,trusted partner / backup support person,general,term,,
DIACAP,DoD information assurance certification / legacy security certification,cyber,cyber,,
cockpit resource management,crew coordination / team communication in operations,aviation,aviation,,
trap,arrested landing / successful carrier landing,aviation,aviation,,
postflight,post-operation inspection / post-use assessment,aviation,aviation,,
short timer,employee near end of contract,general,term,,
footprint,organizational presence / resource usage,general,term,,
lead paint,lead-based paint remediation,safety,engineering,,
carry on,continue / resume normal operations,general,operations,,
bigot list,restricted access roster,intelligence,intelligence,,
log,record / documentation,general,term,,
TSTA,integrated training assessment,navy,technical,,
OPPE,operational readiness evaluation,navy,technical,,
page 13,administrative counseling record,navy,admin,,
CLIN,contract line item number / billable item identifier,logistics,acquisition,,
DTS claim,electronic travel voucher / online expense report,financial,financial,,
compartmentalized,need-to-know basis / restricted access,general,term,,
CSAR,combat search and rescue / hostile area personnel recovery,general,special operations,,
all-source analysis,comprehensive data analysis / multi-source research,intelligence,intelligence,,
CPARS,contractor performance assessment reporting system / vendor rating system,logistics,acquisition,,
accountability,asset/personnel tracking,general,admin,,
mentored,coached and developed,general,leadership,,
unit basic load,minimum required supplies / baseline inventory level,logistics,logistics,,
SR (Seaman Recruit),Entry-Level Staff,navy,rank,,
period of performance,contract duration / project timeline,logistics,acquisition,,
per diem,daily expense allowance / travel reimbursement rate,financial,financial,,
JOs,Junior Managers,navy,rank,,
field,field operations / off-site deployment,army,operations,,
excess,surplus inventory / overstocked items,logistics,logistics,,
expenditure,actual spending / disbursement,financial,financial,,
CSS,combat service support / operational support,general,acronym,,
mission critical,essential / high priority,general,term,,
durable,reusable / long-lasting equipment,logistics,logistics,,
fantail,rear exterior area,navy,general,,
SIPRNET,classified network / secure government network,cyber,cyber,,
POD,Plan of the Day / daily schedule,general,acronym,,
special court martial,intermediate judicial proceeding,legal,legal,,
LOC,letter of counseling / formal verbal warning documentation,personnel,personnel,,
quarterdeck,main entrance / reception area,navy,general,,
PLL,prescribed load list / required parts inventory,logistics,logistics,,
GySgt,gunnery sergeant / department lead,usmc,leadership,,
drawdown,reduction in force / scaling back,general,term,,
chapter,administrative separation / termination,army,admin,,
CDI,command directed investigation / internal investigation,legal,legal,,
FEP,final readiness evaluation,navy,technical,,
TIS,Time in Service / tenure,general,acronym,,
analyst,intelligence analyst / research analyst,intelligence,intelligence,,
aid station,field medical clinic / first-response medical facility,medical,medical,,
obligation,committed funds / encumbered budget,financial,financial,,
command investigation,organizational inquiry / management-directed review,legal,legal,,
economic order quantity,optimal purchase quantity,logistics,logistics,,
supply chain,supply chain,general,logistics,,
company commander,operations director,army,leadership,,
red deck,operations suspended due to weather/safety,aviation,aviation,,
sole source,single-vendor procurement / non-competitive award,logistics,acquisition,,
cost plus,cost-reimbursement contract / variable-cost agreement,logistics,acquisition,,
SRM,"sustainment, restoration, and modernization / facility maintenance and upgrade",engineering,engineering,,
green team,support team / training team,general,term,,
GEOINT,geospatial intelligence / geographic data analysis,intelligence,intelligence,,
OPTAR,operating budget,navy,logistics,Managed $2.5M OPTAR,Managed $2.5M annual operating budget
utilities,"building systems (power, water, HVAC)",engineering,engineering,,
flight surgeon,aviation medical examiner / aerospace physician,medical,medical,,
boundary defense,network perimeter protection,cyber,cyber,,
JWICS,top secret network / highest classification network,cyber,cyber,,
service order,facility support request,engineering,engineering,,
brig,military prison / detention facility,legal,legal,,
immunization,vaccination / preventive medicine,medical,medical,,
midships,center section,navy,general,,
NAV,navigator / operations planner,navy,leadership,,
pocket litter,supporting documentation for cover identity,intelligence,intelligence,,
direct action,targeted operation / precision strike mission,general,special operations,,
wing,"organization of 1,000-5,000 employees",general,unit type,,
chopped to,transferred authority to,navy,operations,,
handler,source manager / relationship coordinator,intelligence,intelligence,,
DODIN,Department of Defense information network / enterprise network,cyber,cyber,,
EAWS,aviation qualification program,navy,training,,
network defense,cybersecurity operations / network protection,cyber,cyber,,
ROI,return on investment,general,financial,,
garnishment,court-ordered payroll deduction,financial,financial,,
PKI,public key infrastructure / digital certificate management,cyber,cyber,,
MCA,"military construction, Army / capital construction project",engineering,engineering,,
evolution,operation,navy,operations,Led 15 evolutions,Led 15 operational procedures
watch station,duty station,navy,operations,,
JISE,joint intelligence support element / integrated analysis team,intelligence,intelligence,,
flight hours,operating hours / airtime logged,aviation,aviation,,
mission assurance,continuity of operations / business continuity,cyber,cyber,,
manning document,staffing table / organizational chart,personnel,personnel,,
tasker,assignment / action item / work request,general,term,,
exploitation,data extraction and analysis,intelligence,intelligence,,
fleet surgeon,senior medical officer / chief medical advisor,medical,medical,,
TAD/TDY assignment,temporary assignment / detail,general,admin,,
CBR,hazardous material response,navy,technical,,
legal hold,litigation preservation / document retention order,legal,legal,,
bridge,operations command center,navy,operations,,
counseling chit,counseling documentation / performance feedback form,personnel,personnel,,
triage,patient prioritization / emergency severity assessment,medical,medical,,
backbrief,summary briefing / confirmation briefing,general,term,,
pivot,change direction / shift focus,general,term,,
DLCPO,Division Senior Supervisor,navy,leadership,,
jackpot,successful target capture / mission success,general,special operations,,
corrosion control,preventive surface treatment / anti-corrosion maintenance,aviation,aviation,,
synch,synchronize / coordinate timing,general,term,,
patient administration,medical records management / healthcare administration,medical,medical,,
field day,deep cleaning / facility maintenance,navy,operations,,
administrative separation,involuntary termination / employment separation,legal,legal,,
clandestine,covert / secret,intelligence,intelligence,,
battalion,business unit of 300-1000 employees,general,unit type,,
proposal evaluation,bid assessment / vendor proposal review,logistics,acquisition,,
MTF,military treatment facility / government healthcare facility,medical,medical,,
OPR,officer performance evaluation,usaf,admin,,
special reconnaissance,covert observation / clandestine surveillance,general,special operations,,
stay in your lane,focus on your responsibilities / stay within scope,general,term,,
pretrial,pre-hearing phase / preliminary proceedings,legal,legal,,
BPA,blanket purchase agreement / pre-approved vendor arrangement,logistics,acquisition,,
AOIC,assistant department head,general,leadership,,
stern,rear,navy,general,,
preflight,pre-departure inspection / equipment readiness check,aviation,aviation,,
PJ,pararescue jumper / combat search and rescue specialist,general,special operations,,
USACE,U.S. Army Corps of Engineers / federal engineering agency,engineering,engineering,,
75th Ranger,Army elite light infantry regiment,general,special operations,,
line shack,maintenance coordination office,aviation,aviation,,
ODA,operational detachment alpha / special forces A-team,general,special operations,,
motor pool,vehicle fleet maintenance facility,army,technical,,
CBRN,hazardous material response,general,technical,,
working party,work detail / project team,navy,operations,,
asbestos abatement,asbestos removal and containment,safety,engineering,,
cyber range,cybersecurity training environment,cyber,cyber,,
flight line,aircraft parking and operations area / active work area,aviation,aviation,,
posture,strategic position / readiness stance,general,term,,
unfunded requirement,budget shortfall / unbudgeted need,financial,financial,,
dissemination,information distribution / report distribution,intelligence,intelligence,,
NATOPS,naval air training and operating procedures / aircraft operating manual,aviation,aviation,,
vertical construction,building construction,engineering,engineering,,
subordinate,direct report / team member,general,term,,
STIGs,security technical implementation guides / security configuration standards,cyber,cyber,,
MAF,maintenance action form / work order,aviation,aviation,,
KIA,killed in action,general,acronym,,
phase line,project milestone / progress marker,general,term,,
read-in,security briefing and access authorization,intelligence,intelligence,,
hostile fire pay,hazard duty pay / danger zone compensation,financial,financial,,
demolition,controlled structure removal / explosive demolition,engineering,engineering,,
authorized strength,approved headcount / budgeted positions,personnel,personnel,,
LPTA,lowest price technically acceptable / cost-based selection,logistics,acquisition,,
malware analysis,malicious software investigation,cyber,cyber,,
imminent danger pay,threat area compensation,financial,financial,,
IOC,initial operating capability / minimum viable deployment,cyber,cyber,,
field sanitation,environmental health / hygiene management,medical,medical,,
DCPO,safety compliance officer,navy,technical,,
MPA,main propulsion assistant / propulsion engineer,navy,leadership,,
HAZWOPER,hazardous waste operations and emergency response certification,safety,engineering,,
S-1,HR / Personnel Office,unit staff section handling personnel actions and ,administration,Worked with S-1 to process awards and PCS paperwork.,Partnered with HR to process personnel actions and documentation.
S-2,Intelligence Office,unit staff section responsible for threat analysis,intelligence,Coordinated with S-2 for daily threat briefs.,Coordinated with intelligence staff for daily threat updates and briefings.
S-3,Operations Office,unit staff section responsible for operations plan,operations,Submitted training plan updates to S-3.,Provided operations team updates to support scheduling and execution tracking.
S-4,Logistics Office,"unit staff section responsible for supply, transpo",logistics,Worked with S-4 to requisition parts.,Coordinated with logistics to requisition parts and track fulfillment.
S-6,IT / Communications Office,"unit staff section responsible for communications,",cyber,Coordinated with S-6 to troubleshoot network outages.,Worked with IT to troubleshoot outages and restore service.
BDE S1,Brigade HR Office,brigade-level hr section handling personnel action,administration,Sent the packet to BDE S1 for processing.,Submitted the packet to the brigade HR office for processing.
BDE S4,Brigade Logistics Office,brigade-level logistics section coordinating susta,logistics,BDE S4 pushed the distribution plan.,Brigade logistics issued the distribution plan for execution.
COMSEC custodian,Communications Security Custodian,role responsible for safeguarding encryption/keyin,cyber,Served as COMSEC custodian for the battalion.,Managed communications security materials and compliance for the organization.
IAO,Cybersecurity Compliance Lead,role responsible for information assurance control,cyber,Acted as the unit IAO during inspections.,Led cybersecurity compliance documentation and audit readiness for inspections.
G-6,Enterprise IT Directorate,senior-level communications/it directorate oversee,cyber,Coordinated with G-6 for network approvals.,Coordinated with enterprise IT leadership for network approvals and governance.
J-6,Joint IT Directorate,joint-level communications/it directorate coordina,cyber,Reported status to J-6 during the exercise.,Provided status updates to joint IT leadership during the exercise.
BDE S2,Brigade-level intelligence office,used for intelligence reporting/briefing support.,intelligence,Submitted reports to BDE S2,Submitted reports to the brigade intelligence office
BDE S3,Brigade-level operations office,"used for training schedules, ops planning, tasking",operations,Synced training calendar with BDE S3,Aligned training schedule with the operations office
BN S6,Battalion communications/IT office,shorthand for unit it/comms section.,cyber,Worked with BN S6 to restore SIPR,Partnered with the unit IT team to restore secure network services
S6 shop,Unit IT/communications team,informal way people refer to the comms/it section.,cyber,Submitted ticket to the S6 shop,Submitted a service request to the IT support team
G6,Senior-level communications/IT office (division/corps),staff section responsible for communications and i,cyber,Coordinated outage response with G6,Coordinated outage response with enterprise IT leadership
J6,Joint communications/IT office,joint staff section responsible for communications,cyber,Coordinated requirements with J6,Coordinated requirements with joint IT leadership
cutter,operational ship / vessel,coast guard term for ships; shows up in bullets.,operations,Supported cutter maintenance availability,Supported vessel maintenance availability
boat crew,small boat operations team,coast guard small boat ops term.,operations,Qualified as boat crew,Qualified as small boat operations team member
boarding team,maritime law enforcement team,common coast guard/me term.,security,Led boarding team brief,Led law enforcement inspection team brief
AtoN,Aids to Navigation,coast guard buoy/marker/navigation support mission,operations,Supported AtoN mission planning,Supported navigation aids mission planning
EOW,Engineering shift supervisor,watchstanding shorthand for supervising technical ,operations,Stood EOW during high-tempo operations.,Supervised shift operations ensuring continuity.
EDPO,Maintenance program manager,"indicates ownership of maintenance planning, track",leadership,Managed EDPO for department.,Managed maintenance program planning and readiness reporting.
ER09,Urgent corrective maintenance event,shorthand for engineering casualty/repair event re,maintenance,Responded to ER09 casualty.,Led urgent corrective maintenance to restore availability.
ERUL,Urgent logistics/repair support,shorthand for expedited parts/repair coordination ,maintenance,Submitted ERUL for critical part.,Coordinated urgent logistics to restore operations.
S-6 shop,IT/communications office,common shorthand for unit communications/it sectio,cyber,Worked in the S-6 shop.,Supported IT/communications operations restoring network services.
