id,acronym,full_term,civilian_explanation,branch,category,created_at
,1SG,first sergeant,first sergeant,army,Rank,
,3M,maintenance program,maintenance program,navy,Acronym,
,3MA,Maintenance Program Manager,Maintenance Program Manager,navy,Acronym,
,3MC,Maintenance Coordinator,Maintenance Coordinator,navy,Acronym,
,A1C,airman first class,airman first class,usaf,Rank,
,AAFES,military retail,military retail,general,Facility,
,AAR,After Action Report,Post-event analysis and lessons learned,general,communication,
,AB,airman basic,airman basic,usaf,Rank,
,ABCT,armored brigade combat team,armored brigade combat team,army,Acronym,
,ACC,Air Combat Command,Air Combat Command,usaf,Organization,
,ACE,aviation combat element,aviation combat element,usmc,Acronym,
,ACFT,combat fitness test,combat fitness test,army,Training,
,ACO,Airspace Control Order,Air traffic management directive,general,Aviation,
,ACSC,Air Command and Staff College,Air Command and Staff College,usaf,Organization,
,ADCON,Administrative Control,Administrative authority,general,operations,
,ADLS,advanced distributed learning,advanced distributed learning,usaf,Acronym,
,ADMIN,administration,administration,navy,Acronym,
,AE,Architect-Engineer,Design professional / design firm,general,Engineering,
,AEF,Air Expeditionary Force,Air Expeditionary Force,usaf,Acronym,
,AEHF,Advanced Extremely High Frequency,Secure military satellite communications,general,Space,
,AETC,Air Education and Training Command,Air Education and Training Command,usaf,Organization,
,AEW,Air Expeditionary Wing,Air Expeditionary Wing,usaf,Acronym,
,AF,usaf,usaf,usaf,Acronym,
,AFCYBER,Air Forces Cyber,Air Force cybersecurity unit,usaf,Cyber,
,AFGSC,Air Force Global Strike Command,Air Force Global Strike Command,usaf,Organization,
,AFI,Air Force instruction,Air Force instruction,usaf,Acronym,
,AFIMS,information management system,information management system,usaf,System,
,AFMAN,Air Force manual,Air Force manual,usaf,Acronym,
,AFMSA,Air Force Medical Support Agency,AF healthcare support organization,usaf,Medical,
,AFOSI,Air Force Office of Special Investigations,Air Force law enforcement and CI agency,usaf,Intelligence,
,AFPC,Air Force Personnel Center,AF human resources center,usaf,Admin,
,AFPD,Air Force policy directive,Air Force policy directive,usaf,Acronym,
,AFRC,Air Force Reserve Command,Air Force Reserve Command,usaf,Organization,
,AFRICOM,Africa Command,Africa Command,general,Organization,
,AFSC,career field specialty code,career field specialty code,general,Acronym,
,AFSOC,Air Force Special Operations Command,Air Force Special Operations Command,usaf,Organization,
,AFSPC,Air Force Space Command,Air Force Space Command,usaf,Organization,
,AGM,Air-to-Ground Missile,Aircraft-launched surface attack missile,general,Aviation,
,AHLTA,Armed Forces Health Longitudinal Technology Application,electronic health records system,general,medical,
,AIM,Air Intercept Missile,Aircraft-launched air-to-air missile,general,Aviation,
,AIRDET,aviation detachment,aviation detachment,navy,Acronym,
,AIRLANT,air forces Atlantic,air forces Atlantic,navy,Acronym,
,Airman,team member,team member,general,Acronym,
,airmen,personnel,personnel,general,Acronym,
,AIRPAC,air forces Pacific,air forces Pacific,navy,Acronym,
,AKO,Army knowledge portal,Army knowledge portal,general,Acronym,
,ALC,Advanced Leader Course,Mid-level supervisor course,army,training,
,ALCON,All Concerned,all stakeholders / all recipients,general,admin,
,ALMAR,all Marines message,all Marines message,usmc,Acronym,
,ALMIS,asset logistics management,asset logistics management,uscg,Acronym,
,ALS,Airman Leadership School,Airman Leadership School,usaf,Acronym,
,AMC,Army Materiel Command,Army Materiel Command,army,Organization,
,AMEDD,Army Medical Department,Army healthcare organization,army,Medical,
,ammo,ammunition,ammunition,general,Acronym,
,AMN,airman,airman,usaf,Rank,
,AMRAAM,Advanced Medium-Range Air-to-Air Missile,advanced air defense system,general,aviation,
,AMSCO,Army Management Structure Code,Army budget classification code,army,Financial,
,AMXS,aircraft maintenance squadron,aircraft maintenance squadron,usaf,Acronym,
,ANAM,Automated Neuropsychological Assessment Metrics,Cognitive baseline testing tool,general,Medical,
,ANG,Air National Guard,Air National Guard,usaf,Acronym,
,AO,Authorizing Official,Security certification decision authority,general,Cyber,
,AOPS,assistant operations officer,assistant operations officer,navy,Acronym,
,AOR,area of responsibility,area of responsibility,general,Acronym,
,APFT,Army Physical Fitness Test,Physical fitness assessment,army,training,
,APL,Allowance Parts List,Authorized parts list per equipment,navy,technical,
,APOD,Aerial Port of Debarkation,Military air cargo receiving terminal,general,Logistics,
,APOE,Aerial Port of Embarkation,Military air cargo departure terminal,general,Logistics,
,AR,Army regulation,Army regulation,army,Acronym,
,ARCYBER,Army Cyber Command,Army cybersecurity operations command,army,Cyber,
,ASEV,aircrew standardization evaluation,aircrew standardization evaluation,usaf,Acronym,
,ASG,Area Support Group,Regional logistics support unit,army,Logistics,
,ASP,Ammunition Supply Point,Ammunition storage and distribution facility,general,Logistics,
,ASR,alternate supply route,alternate supply route,army,Acronym,
,ASR,Alternate Supply Route,backup transportation route,general,operations,
,ATC,training center,training center,uscg,Training,
,ATG,Afloat Training Group,External readiness assessment organization,navy,organization,
,ATO,Authority to Operate,System security certification,general,technical,
,AtoN,Aids to Navigation,Managed/maintained navigation aids and compliance processes to support safe maritime operations.,Coast Guard,operations,
,ATON,aids to navigation,aids to navigation,uscg,Acronym,
,ATTRS,training requirements system,training requirements system,army,System,
,AUXO,auxiliaries officer,auxiliaries officer,navy,Acronym,
,AWC,Army War College,Senior officer strategic school,army,training,
,AWC,Air War College,Air War College,usaf,Acronym,
,AWP,parts shortage,parts shortage,navy,Acronym,
,BA,Budget Activity,Budget sub-category,general,Financial,
,BAH,Basic Allowance for Housing,Housing stipend,general,admin,
,barracks,residential quarters,residential quarters,general,Facility,
,BAS,Battalion Aid Station,Forward field medical clinic,army,Medical,
,BAS,Basic Allowance for Subsistence,Food allowance,general,admin,
,BCA,fitness standards assessment,fitness standards assessment,navy,Training,
,BCD,Base Civil Development,Installation construction planning,general,Engineering,
,BCE,Base Civil Engineer,base facilities manager,usaf,engineering,
,BCT,brigade combat team,brigade combat team,army,Acronym,
,BDA,Battle Damage Assessment,Post-event effectiveness evaluation,general,operations,
,BDE,brigade,brigade,army,Acronym,
,BDE S1,Brigade S-1 (Personnel/HR Section),"Brigade-level human resources office responsible for personnel actions, records, and administrative support.",Army,administration,
,BDE S2,Brigade S-2 (Intelligence Section),"Brigade-level intelligence office responsible for threat analysis, briefings, and situational awareness.",Army,intelligence,
,BDE S3,Brigade S-3 (Operations Section),"Brigade-level operations office responsible for planning, coordinating, and tracking operational execution.",Army,operations,
,BDE S4,Brigade S-4 (Logistics Section),"Brigade-level logistics office responsible for supply, transportation, and sustainment planning.",Army,logistics,
,BEQ,enlisted lodging,enlisted lodging,general,Facility,
,berthing,crew quarters,crew quarters,general,Facility,
,BES,Budget Estimate Submission,Annual budget request package,general,Financial,
,billeting,lodging,lodging,general,Facility,
,BLC,Basic Leader Course,First-line supervisor course,army,training,
,BLUF,Bottom Line Up Front,key takeaway first / executive summary first,general,admin,
,BLUFOR,friendly force,friendly force,army,Acronym,
,BM,boatswain's mate,boatswain's mate,navy,Rating,
,BMOW,bridge watch supervisor,bridge watch supervisor,navy,Acronym,
,BN,battalion,battalion,army,Acronym,
,BN S1,Battalion S-1 (Personnel/HR Section),Battalion-level HR office handling personnel actions and administrative processing.,Army,administration,
,BN S2,Battalion S-2 (Intelligence Section),Battalion-level intelligence office providing threat updates and reporting.,Army,intelligence,
,BN S3,Battalion S-3 (Operations Section),"Battalion-level operations office coordinating plans, training schedules, and mission execution.",Army,operations,
,BN S4,Battalion S-4 (Logistics Section),"Battalion-level logistics office coordinating supply, maintenance support, and sustainment.",Army,logistics,
,BN S6,Battalion Communications/IT Section,"Unit communications/IT office responsible for networks, radios, and technical support at battalion level.",Army,staff_section,
,BOD,Basis of Design,Design requirements document,general,Engineering,
,BOL,BUPERS Online,Navy personnel self-service portal,navy,Admin,
,BOLC,Basic Officer Leader Course,New Army officer training,army,Training,
,BOQ,officer lodging,officer lodging,general,Facility,
,bridge,control center,control center,general,Acronym,
,BSA,Budget Sub-Activity,Detailed budget line,general,Financial,
,BSB,brigade support battalion,brigade support battalion,army,Acronym,
,bulkhead,wall,wall,general,Facility,
,BUMED,Bureau of Medicine and Surgery,Navy medical headquarters,navy,organization,
,BUPERS,Bureau of Naval Personnel,Navy HR headquarters,navy,organization,
,BX,retail store,retail store,general,Facility,
,C2,Command and Control,Centralized management and direction,general,Cyber,
,C4ISR,Command Control Communications Computers Intelligence Surveillance Reconnaissance,Integrated command and information systems,general,technical,
,CAB,combat aviation brigade,combat aviation brigade,army,Acronym,
,CACO,casualty assistance officer,casualty assistance officer,navy,Acronym,
,CAFSC,control specialty code,control specialty code,usaf,Acronym,
,CAG,Commander Air Group,air wing commander,navy,aviation,
,CAMS,maintenance system,maintenance system,usaf,System,
,CANTRAC,training catalog,training catalog,navy,Training,
,CAS,Close Air Support,Direct air assistance to ground forces,general,operations,
,CASEVAC,Casualty Evacuation,Emergency medical transport,general,operations,
,CASREP,equipment casualty report,equipment casualty report,navy,Acronym,
,CBRN,chemical/biological/radiological/nuclear defense,chemical/biological/radiological/nuclear defense,general,Acronym,
,CBT,computer-based training,computer-based training,general,Training,
,CC,commander,commander,usaf,Rank,
,CCC,Captains Career Course,Mid-grade officer professional school,army,training,
,CCC,command career counselor,command career counselor,navy,Organization,
,CCIP,commander's inspection program,commander's inspection program,usaf,Organization,
,CCIR,Commanders Critical Information Requirements,Priority information needs,general,planning,
,CCRI,Command Cyber Readiness Inspection,Cybersecurity compliance audit,general,Cyber,
,CD,deputy commander,deputy commander,usaf,Rank,
,CDC,Combat Direction Center,Tactical command center,navy,operations,
,CDM,Continuous Diagnostics and Mitigation,Ongoing security monitoring program,general,Cyber,
,CDO,Command Duty Officer,Senior on-site manager (after hours),navy,operations,
,CDR,Commander,"Organizational leader accountable for operations, personnel performance, and mission outcomes.",Army,leadership,
,CE,command element,command element,usmc,Organization,
,CEFMS,Corps of Engineers Financial Management System,USACE accounting system,army,Financial,
,CELLEX,Cellphone Exploitation,Mobile device forensic analysis,general,Intelligence,
,CENTCOM,Central Command,Central Command,general,Organization,
,CES,civil engineering squadron,civil engineering squadron,usaf,Acronym,
,CFL,command fitness leader,command fitness leader,navy,Organization,
,CFSCC,Combined Force Space Component Command,Joint space operations command,general,Space,
,CFT,combat fitness test,combat fitness test,usmc,Training,
,CGC,Coast Guard Cutter,Coast Guard Cutter,uscg,Acronym,
,CGHQ,Coast Guard Headquarters,Coast Guard Headquarters,uscg,Facility,
,CGSC,Command and General Staff College,Army mid-career officer school,army,Training,
,CHENG,chief engineer,chief engineer,navy,Acronym,
,chit,request form,request form,general,Acronym,
,chow hall,dining facility,dining facility,general,Facility,
,CI,Counterintelligence,insider threat prevention and security investigation,general,intel,
,CIC,Combat Information Center,Tactical operations center,navy,operations,
,CID,Criminal Investigation Division,Army law enforcement agency,army,Intelligence,
,CJCS,Chairman of the Joint Chiefs of Staff,top military advisor to the President,general,operations,
,CLB,Combat Logistics Battalion,Marine logistics unit,usmc,Logistics,
,CLS,Combat Lifesaver,basic emergency medical technician,general,medical,
,CMC,senior enlisted advisor,senior enlisted advisor,navy,Rank,
,CMEO,equal opportunity manager,equal opportunity manager,navy,Acronym,
,CMSAF,Chief Master Sergeant of the Air Force,Senior enlisted Air Force advisor,usaf,organization,
,CMSAF,Chief Master Sergeant of the Space Force,Chief Master Sergeant of the Space Force,ussf,Rank,
,CMSGT,chief master sergeant,chief master sergeant,usaf,Rank,
,CMT,Cyber Mission Team,Offensive/defensive cyber operations unit,general,Cyber,
,CNA,Computer Network Attack,Offensive cyber operations,general,Cyber,
,CNAF,Commander Naval Air Forces,naval aviation command,navy,aviation,
,CNAL,Commander Naval Air Forces Atlantic,Commander Naval Air Forces Atlantic,navy,Organization,
,CNAP,"Commander, Naval Air Forces Pacific",West Coast naval aviation headquarters,navy,Aviation,
,CNATT,Center for Naval Aviation Technical Training,Navy aviation maintenance school,navy,Training,
,CND,Computer Network Defense,Network protection operations,general,Cyber,
,CNDSP,Computer Network Defense Service Provider,Managed cybersecurity service,general,Cyber,
,CNE,Computer Network Exploitation,Network intelligence gathering,general,Cyber,
,CNMF,Cyber National Mission Force,National-level cyber defense team,general,Cyber,
,CNO,Chief of Naval Operations,Highest ranking Navy officer,navy,organization,
,CNSP,Commander Naval Surface Forces Pacific,Pacific surface fleet commander,navy,organization,
,CO,director,director,navy,Rank,
,COA,Course of Action,Action plan/strategy option,general,planning,
,Coastguardsman,team member,team member,general,Acronym,
,COCOM,combatant command,combatant command,general,Organization,
,COLA,Cost of Living Allowance,Cost of living adjustment,general,admin,
,colors,flag ceremony,flag ceremony,general,Acronym,
,combat,operations,operations,general,Acronym,
,COMMEX,communications exercise,communications exercise,army,Acronym,
,commissary,grocery store,grocery store,general,Facility,
,COMMO,communications officer,communications officer,navy,Acronym,
,COMMS,communications,communications,navy,Acronym,
,COMSEC,communications security,communications security,general,Security,
,CONEX,Container Express,Shipping container / storage container,general,Logistics,
,CONOP,concept of operations,concept of operations,army,Acronym,
,CONOP,Concept of Operations,operational concept plan,general,operations,
,CONPLAN,Contingency Plan,contingency response plan,general,operations,
,CONUS,continental United States,continental United States,general,Acronym,
,COP,common operating picture,common operating picture,general,Acronym,
,COSAL,Coordinated Shipboard Allowance List,Authorized parts inventory list,navy,technical,
,COSC,Combat Operational Stress Control,Operational mental health program,general,Medical,
,CP,command post,command post,general,Organization,
,CPL,corporal,corporal,army,Rank,
,CPT,Cyber Protection Team,Defensive cybersecurity unit,general,Cyber,
,CQC,Contractor Quality Control,Builder's quality management program,general,Engineering,
,CRM,crew resource management,crew resource management,general,Acronym,
,CS,communications squadron,communications squadron,usaf,Acronym,
,CSG,carrier strike group,carrier strike group,navy,Acronym,
,CSM,command sergeant major,command sergeant major,army,Rank,
,CSMP,Current Ships Maintenance Project,Maintenance backlog tracker,navy,technical,
,CSO,Chief of Space Operations,Chief of Space Operations,ussf,Acronym,
,CSpOC,Combined Space Operations Center,Combined Space Operations Center,ussf,Acronym,
,CSSB,Combat Sustainment Support Battalion,Army logistics battalion,army,Logistics,
,CSSP,Cybersecurity Service Provider,Managed security operations provider,general,Cyber,
,CTC,combat training center,combat training center,army,Training,
,CTI,Cryptologic Technician Interpretive,Language-enabled signals intelligence analyst.,Navy,rate,
,CTN,cryptologic technician (networks),cryptologic technician (networks),navy,Rating,
,CTR,Cryptologic Technician Collection,Signals intelligence collector/analyst supporting threat detection.,Navy,rate,
,CUI,controlled unclassified information,controlled unclassified information,general,Security,
,CVW,Carrier Air Wing,Aircraft carrier aviation unit,navy,Aviation,
,CWO,Chief Warrant Officer,Technical expert/leader role bridging hands-on expertise and management responsibilities.,Army,rank_title,
,CYBERCOM,Cyber Command,Cyber Command,general,Organization,
,DA,Department of the Army,Department of the Army,army,Acronym,
,DAFSC,duty specialty code,duty specialty code,usaf,Acronym,
,DAI,Defense Agencies Initiative,Defense agency accounting system,general,Financial,
,DAPA,substance abuse prevention advisor,substance abuse prevention advisor,navy,Acronym,
,DATO,Denial of Authorization to Operate,Security certification failure,general,Cyber,
,DC,damage control,damage control,navy,Acronym,
,DCA,safety officer,safety officer,navy,Acronym,
,DCAG,"Deputy Commander, Air Group",Deputy air wing leader,navy,Aviation,
,DCCS,Damage Control Central Station,Emergency response command center,navy,operations,
,DCFR,Defense Casualty and Fatality Report,personnel casualty tracking system,general,admin,
,DCGS,Distributed Common Ground System,integrated intelligence analysis platform,general,intel,
,DCIPS,Defense Civilian Intelligence Personnel System,Intelligence community civilian pay system,general,Training,
,DCIS,Defense Criminal Investigative Service,DoD inspector general investigative arm,general,Intelligence,
,DCMS,Deputy Commandant for Mission Support,Deputy Commandant for Mission Support,uscg,Organization,
,DCO,Defensive Cyber Operations,cybersecurity defense operations,general,cyber,
,DCO,Deputy Commandant for Operations,Deputy Commandant for Operations,uscg,Organization,
,DCPO,maintenance supervisor,maintenance supervisor,navy,Acronym,
,DCTT,damage control training team,damage control training team,navy,Training,
,DD-214,Certificate of Release or Discharge,Military discharge certificate,general,admin,
,DEERS,Defense Enrollment Eligibility Reporting System,Military benefits eligibility database,general,Medical,
,DEL,delta (unit),delta (unit),ussf,Acronym,
,DEOCS,organizational climate survey,organizational climate survey,general,Acronym,
,deployment,overseas assignment,overseas assignment,general,Acronym,
,DEPORD,Deployment Order,deployment directive,general,operations,
,DEROS,scheduled rotation date,scheduled rotation date,general,Acronym,
,DES,Disability Evaluation System,Military disability processing system,general,Medical,
,DESRON,destroyer squadron,destroyer squadron,navy,Acronym,
,DFAC,dining facility,dining facility,general,Facility,
,DFAR,Defense Federal Acquisition Regulation,defense procurement regulations,general,financial,
,DFAS,finance and accounting,finance and accounting,general,Acronym,
,DH,department head,department head,navy,Acronym,
,DHA,Defense Health Agency,DoD healthcare management agency,general,Medical,
,DIA,Defense Intelligence Agency,National defense analysis organization,general,Intelligence,
,DIACAP,DoD Information Assurance Certification,Legacy security compliance framework,general,Cyber,
,DIRNSA,"Director, National Security Agency",Head of NSA,general,Intelligence,
,DIS,Defense Investigative Service,Security clearance investigation agency,general,Intelligence,
,DISA,Defense Information Systems Agency,enterprise IT infrastructure agency,general,cyber,
,DISS,Defense Information System for Security,Modern clearance management system,general,Intelligence,
,DITSCAP,DoD IT Security Certification,Older security compliance process,general,Cyber,
,DIVARTY,division artillery,division artillery,army,Acronym,
,DIVO,division officer,division officer,navy,Acronym,
,DMC,Distribution Management Center,Logistics coordination facility,general,Logistics,
,DMDC,Defense Manpower Data Center,DoD personnel data management,general,Admin,
,DMSP,Defense Meteorological Satellite Program,Military weather satellite,general,Space,
,DNI,Director of National Intelligence,Head of U.S. intelligence community,general,Intelligence,
,DO,director of operations,director of operations,usaf,Acronym,
,DOCEX,Document Exploitation,Analysis of captured documents,general,Intelligence,
,DoD,Department of Defense,Department of Defense,general,Acronym,
,DoDIN,Department of Defense Information Network,DoD enterprise network,general,Cyber,
,DOS,date of separation,date of separation,general,Acronym,
,DPAS,property accountability system,property accountability system,army,System,
,DPAS,Defense Property Accountability System,Government property tracking system,general,technical,
,drill,training exercise,training exercise,general,Training,
,DRMO,surplus property disposal,surplus property disposal,usaf,Acronym,
,DRRS,Defense Readiness Reporting System,Readiness tracking system,general,technical,
,DRRS,readiness reporting,readiness reporting,navy,Acronym,
,DRRS-S,Defense Readiness Reporting System-Strategic,Strategic readiness reporting,general,compliance,
,DTG,Date-Time Group,timestamp / date-time reference,general,admin,
,DTMS,digital training management system,digital training management system,army,System,
,DTS,travel management system,travel management system,army,System,
,DUSTOFF,Dedicated Unhesitating Service to Our Fighting Forces,Army air ambulance,army,Aviation,
,duty section,on-call team,on-call team,general,Acronym,
,DZ,Drop Zone,Parachute delivery area,general,Aviation,
,EAD,Earliest Arrival Date,First acceptable delivery date,general,Logistics,
,EAOS,end of service obligation,end of service obligation,general,Acronym,
,EAS,end of active service,end of active service,general,Acronym,
,EBS,Environmental Baseline Survey,Site contamination assessment,general,Engineering,
,ECAT,Enterprise Compromise Assessment Tool,Malware detection platform,general,Cyber,
,ECP,entry control point,entry control point,army,Acronym,
,EDO,Engineering Duty Officer,Engineering on-call supervisor,navy,operations,
,EDPO,Engineering Department Program Officer,Managed maintenance planning and personnel development to improve readiness outcomes.,Navy,leadership,
,EDR,Endpoint Detection and Response,Device-level security monitoring,general,Cyber,
,EEFI,Essential Elements of Friendly Information,critical internal information to protect,general,operations,
,EEI,Essential Elements of Information,Critical intelligence requirements,general,Intelligence,
,EER,enlisted evaluation report,enlisted evaluation report,uscg,Acronym,
,EM,electrician's mate,electrician's mate,navy,Rating,
,eMILPO,personnel management system,personnel management system,army,System,
,EMO,electronics material officer,electronics material officer,navy,Acronym,
,EMR,Electronic Medical Record,Digital patient health record,general,Medical,
,EN,engineman,engineman,navy,Rating,
,enlisted,staff,staff,general,Acronym,
,EO,equal opportunity,equal opportunity,general,Acronym,
,EOD,explosive ordnance disposal,explosive ordnance disposal,general,Acronym,
,EOF,Escalation of Force,Progressive response procedures,general,operations,
,EOOW,Engineering Officer of the Watch,Engineering operations shift supervisor,navy,operations,
,EOW,Engineering Officer of the Watch,"Shift supervisor accountable for equipment status, operational decisions, and team performance.",Navy,operations,
,EPME,Enlisted Professional Military Education,Enlisted development courses,general,training,
,EPME,enlisted professional development,enlisted professional development,uscg,Acronym,
,EPR,performance evaluation,performance evaluation,usaf,Acronym,
,equipage,equipment,equipment,general,Acronym,
,ER09,Engineering casualty response (ER09),Led urgent corrective maintenance actions to restore equipment availability and reduce downtime.,Navy,maintenance,
,ERB,Enlisted Record Brief,Personnel summary record,army,admin,
,ERB,personnel record,personnel record,general,Acronym,
,ERUL,Engineering urgent logistics (ERUL),Coordinated rapid-response logistics and maintenance actions to mitigate failures and restore capability.,Navy,maintenance,
,ESC,Expeditionary Sustainment Command,Army theater logistics command,army,Logistics,
,ESD,electronic systems division,electronic systems division,uscg,System,
,ESG,expeditionary strike group,expeditionary strike group,navy,Acronym,
,ESO,educational services officer,educational services officer,navy,Acronym,
,ESS,Enterprise Security Stack,Centralized network security platform,general,Cyber,
,ESSAYONS,Army Engineer Motto (Let Us Try),Army Corps of Engineers motto,army,engineering,
,ET,electronics technician,electronics technician,navy,Rating,
,ETS,end of service obligation,end of service obligation,general,Acronym,
,EUCOM,European Command,European Command,general,Organization,
,EVAL,performance evaluation,performance evaluation,navy,Acronym,
,evolution,planned operation,planned operation,general,Acronym,
,EXORD,execute order,execute order,army,Acronym,
,EXORD,Execute Order,execution directive,general,operations,
,fantail,rear platform,rear platform,general,Facility,
,FAR,Federal Acquisition Regulation,government procurement regulations,general,financial,
,FARP,Forward Arming and Refueling Point,Temporary aircraft service station,general,Aviation,
,FAS,Fueling at Sea,At-sea fuel transfer,navy,operations,
,FC,fire controlman,fire controlman,navy,Rating,
,FCLP,Field Carrier Landing Practice,aircraft carrier landing training,navy,aviation,
,FEAD,Facilities Engineering Activity Detail,Engineering project management team,general,Engineering,
,FEC,Facilities Engineering Command,Navy construction management command,navy,Engineering,
,FEP,Final Evaluation Problem,Final readiness certification exercise,navy,compliance,
,FFIR,Friendly Force Information Requirements,internal status reporting requirements,general,operations,
,FHP,Force Health Protection,occupational health and safety program,general,medical,
,FIAR,Financial Improvement and Audit Remediation,Financial audit compliance program,general,Financial,
,field day,deep cleaning,deep cleaning,general,Acronym,
,FIS,Foreign Intelligence Service,Foreign nation's intelligence agency,general,Intelligence,
,FISC,fleet industrial supply center,fleet industrial supply center,navy,Acronym,
,FITREP,performance evaluation,performance evaluation,navy,Acronym,
,FLC,fleet logistics center,fleet logistics center,navy,Acronym,
,FLIR,Forward-Looking Infrared,Thermal imaging sensor,general,Aviation,
,FLT,flight,flight,usaf,Acronym,
,FLTCYBER,Fleet Cyber Command,Navy cybersecurity operations command,navy,Cyber,
,FLTMPS,Fleet Training Management and Planning System,Navy training database,navy,Admin,
,FM,field manual,field manual,army,Acronym,
,FMC,Fully Mission Capable,aircraft fully operational,general,aviation,
,FMO,Financial Management Office,Finance and accounting department,general,Financial,
,FOB,forward operating base,forward operating base,army,Acronym,
,FORCECOM,Force Readiness Command,Force Readiness Command,uscg,Organization,
,formation,group assembly,group assembly,general,Acronym,
,FORSCOM,Forces Command,Forces Command,army,Organization,
,FOUO,for official use only,for official use only,general,Acronym,
,FPCON,Force Protection Condition,Security threat level,general,security,
,FRAGO,Fragmentary Order,Operational update/amendment,general,communication,
,FSC,forward support company,forward support company,army,Acronym,
,FSO,facility security officer,facility security officer,general,Security,
,FSRM,"Facilities Sustainment, Restoration, and Modernization",Building maintenance and upgrade program,general,Engineering,
,FSS,force support squadron,force support squadron,usaf,Acronym,
,FTX,field training exercise,field training exercise,army,Training,
,FYDP,Future Years Defense Program,Five-year budget projection,general,Financial,
,G-6,G-6 (Division/Corps Communications/IT),Senior-level communications/IT directorate responsible for enterprise connectivity and technical governance.,Army,cyber,
,G1,division/corps personnel,division/corps personnel,army,Acronym,
,G2,division/corps intelligence,division/corps intelligence,army,Security,
,G3,division/corps operations,division/corps operations,army,Acronym,
,G4,division/corps logistics,division/corps logistics,army,Acronym,
,G6,division/corps communications,division/corps communications,army,Acronym,
,galley,dining facility,dining facility,general,Facility,
,GARR,garrison,garrison,ussf,Acronym,
,GBU,Guided Bomb Unit,Precision-guided aerial weapon,general,Aviation,
,GCE,ground combat element,ground combat element,usmc,Acronym,
,GCM,general court-martial,general court-martial,general,Acronym,
,GCSS-A,Global Combat Support System - Army,enterprise logistics management system,army,logistics,
,GCSS-Army,Global Combat Support System-Army,Army logistics/supply management system,army,technical,
,GEOINT,Geospatial Intelligence,geographic information systems analysis,general,intel,
,GFEBS,financial management system,financial management system,army,System,
,GI party,deep cleaning,deep cleaning,general,Acronym,
,GMT,mandatory training,mandatory training,general,Training,
,GMT,General Military Training,Mandatory compliance training,navy,training,
,GMTI,Ground Moving Target Indicator,Radar-based ground movement detection,general,Space,
,GO81,maintenance management system,maintenance management system,usaf,System,
,GPC,Government Purchase Card,corporate purchasing card,general,financial,
,GPS,Global Positioning System,Satellite navigation system,general,Space,
,GQ,General Quarters,Full emergency response activation,navy,operations,
,GS,General Schedule,Federal civilian pay grade system,general,Admin,
,GSE,gas turbine systems electrician,gas turbine systems electrician,navy,Rating,
,GSM,gas turbine systems mechanic,gas turbine systems mechanic,navy,Rating,
,Guardian,team member,team member,general,Acronym,
,Guardians,personnel,personnel,general,Acronym,
,GWOT,Global War on Terrorism,Post-9/11 military operations era,general,Admin,
,GWOTEM,Global War on Terrorism Expeditionary Medal,Overseas deployment service medal,general,Admin,
,hatch,door,door,general,Facility,
,HAZMAT,hazardous materials,hazardous materials,general,Acronym,
,head,restroom,restroom,general,Facility,
,HHC,headquarters company,headquarters company,army,Facility,
,HLZ,Helicopter Landing Zone,Designated helicopter area,general,operations,
,HM,hospital corpsman,hospital corpsman,navy,Rating,
,HMH,Marine Heavy Helicopter Squadron,Marine Heavy Helicopter Squadron,usmc,Acronym,
,HMLA,Marine Light Attack Helicopter Squadron,Marine Light Attack Helicopter Squadron,usmc,Acronym,
,HPCON,Health Protection Condition,Health threat level,general,operations,
,HQ,headquarters,headquarters,general,Facility,
,HQMC,Headquarters Marine Corps,Headquarters Marine Corps,usmc,Facility,
,HRC,Human Resources Command,Army HR headquarters,army,Admin,
,HSC,Helicopter Sea Combat Squadron,Navy helicopter squadron,navy,Aviation,
,HSM,Helicopter Maritime Strike Squadron,Navy anti-submarine helicopter squadron,navy,Aviation,
,HT,hull maintenance technician,hull maintenance technician,navy,Rating,
,HUD,Heads-Up Display,Transparent flight data display,general,Aviation,
,HUMINT,Human Intelligence,Human-source intelligence,general,operations,
,HVI,High-Value Individual,Key person of intelligence interest,general,Intelligence,
,HVT,High-Value Target,Priority person or asset of interest,general,Intelligence,
,IA,individual augmentee,individual augmentee,general,Acronym,
,IAM,Information Assurance Manager,information security manager,general,cyber,
,IAO,Information Assurance Officer,"Cybersecurity compliance lead responsible for security controls, documentation, and risk management.",All,cyber,
,IAO,Information Assurance Officer,IT security compliance officer,general,Cyber,
,IATT,Interim Authority to Test,Temporary security authorization,general,Cyber,
,IAVA,Information Assurance Vulnerability Alert,Critical security patch notification,general,technical,
,IAVM,Information Assurance Vulnerability Management,Security patching program,general,Cyber,
,IBCT,infantry brigade combat team,infantry brigade combat team,army,Acronym,
,IC,Intelligence Community,All U.S. intelligence agencies collectively,general,Intelligence,
,IC,interior communications electrician,interior communications electrician,navy,Rating,
,IDES,Integrated Disability Evaluation System,Military disability determination process,general,Medical,
,IED,Improvised Explosive Device,Improvised explosive threat,general,operations,
,IEM,equipment inspection,equipment inspection,navy,Acronym,
,IFB,Invitation for Bid,Competitive bidding solicitation,general,Engineering,
,IG,inspector general,inspector general,general,Acronym,
,IIR,Intelligence Information Report,Raw intelligence reporting format,general,Intelligence,
,ILE,Intermediate Level Education,Field grade officer school,army,training,
,IMCOM,Installation Management Command,Installation Management Command,army,Organization,
,IMDS,maintenance data system,maintenance data system,usaf,System,
,IMINT,Imagery Intelligence,satellite and aerial imagery analysis,general,intel,
,IMR,Individual Medical Readiness,Personal medical compliance status,general,technical,
,INDOPACOM,Indo-Pacific Command,Indo-Pacific Command,general,Organization,
,INFOSEC,information security,information security,general,Security,
,INSCOM,Intelligence and Security Command,Intelligence and Security Command,army,Organization,
,INSURV,regulatory compliance inspection,regulatory compliance inspection,navy,Acronym,
,INTREP,Intelligence Report,Finished intelligence product,general,Intelligence,
,INTSUM,Intelligence Summary,intelligence briefing summary,general,intel,
,IOC,Infantry Officer Course,Infantry Officer Course,usmc,Acronym,
,IPAC,Installation Personnel Admin Center,Marine Corps HR office,usmc,Admin,
,IPB,Intelligence Preparation of the Battlefield,Operational environment analysis,army,planning,
,IPB,Intelligence Preparation of the Battlefield,comprehensive environmental and threat analysis,general,intel,
,iPERMS,Interactive Personnel Electronic Records Management System,Army digital personnel records,army,Admin,
,iPERMS,electronic personnel records,electronic personnel records,general,Acronym,
,IS,Intelligence Specialist,Analyst role producing intelligence products and briefings.,Navy,rate,
,ISG,first sergeant,first sergeant,army,Rank,
,ISIC,Immediate Superior in Command,Next higher headquarters,navy,organization,
,ISO,International Organization for Standardization container,Standard shipping container,general,Logistics,
,ISR,Intelligence Surveillance Reconnaissance,Information gathering and monitoring,general,operations,
,ISRD,Initial Space Resiliency Design,Survivable space system architecture,ussf,Space,
,ISSM,Information System Security Manager,information security manager,general,cyber,
,ISSO,Information System Security Officer,information security officer,general,cyber,
,IT,information technology,information technology,navy,Rating,
,ITS,information technology submariner,information technology submariner,navy,Rating,
,J-1,Joint Personnel,Joint HR staff,general,admin,
,J-2,Joint Intelligence,Joint intelligence staff,general,admin,
,J-3,Joint Operations,Joint operations staff,general,admin,
,J-4,Joint Logistics,Joint logistics staff,general,admin,
,J-6,J-6 (Joint Communications/IT),Joint-level communications/IT directorate responsible for enterprise services and interoperability.,All,cyber,
,J-6,Joint Communications,Joint IT/communications staff,general,admin,
,J1,joint personnel,joint personnel,army,Acronym,
,J2,Joint Intelligence (J-2),Joint intelligence section integrating multi-source intel for decision support.,All,intelligence,
,J2,joint intelligence,joint intelligence,army,Security,
,J3,Joint Operations (J-3),Joint operations section coordinating planning and execution across services.,All,operations,
,J3,joint operations,joint operations,army,Acronym,
,J4,Joint Logistics (J-4),Joint logistics section managing supply chain planning and sustainment across units.,All,logistics,
,J4,joint logistics,joint logistics,army,Acronym,
,J6,Joint Communications/IT (J-6),Enterprise communications and IT section supporting service continuity and cybersecurity.,All,cyber,
,J6,joint communications,joint communications,army,Acronym,
,JAG,legal affairs,legal affairs,general,Acronym,
,JCN,Job Control Number,Work order number,navy,technical,
,JDAM,Joint Direct Attack Munition,GPS-guided precision weapon,general,Aviation,
,JIOC,Joint Intelligence Operations Center,Multi-service intel operations facility,general,Intelligence,
,JISE,Joint Intelligence Support Element,Multi-service intel analysis team,general,Intelligence,
,JOC,Job Order Contract,Quick-turnaround construction contract,general,Engineering,
,JOOD,Junior Officer of the Deck,Assistant operations shift supervisor,navy,operations,
,JOPES,Joint Operation Planning and Execution System,enterprise operations planning system,general,operations,
,JPAS,Joint Personnel Adjudication System,Security clearance tracking database,general,Intelligence,
,JPME,Joint Professional Military Education,Joint operations education,general,training,
,JRSOI,Joint Reception Staging Onward Movement and Integration,arrival processing and integration operations,general,operations,
,JRSS,Joint Regional Security Stack,Regional network security platform,general,Cyber,
,JRTC,Joint Readiness Training Center,Joint Readiness Training Center,army,Training,
,JSM,Joint Service Medal,Multi-service assignment recognition,general,Admin,
,JSpOC,Joint Space Operations Center,Joint Space Operations Center,ussf,Acronym,
,JSS,joint security station,joint security station,army,Security,
,JSTARS,Joint Surveillance Target Attack Radar System,airborne surveillance and targeting platform,general,intel,
,JTAGS,Joint Tactical Ground Station,Transportable missile warning station,general,Space,
,JTF,joint task force,joint task force,general,Acronym,
,JWAC,Joint Warfare Analysis Center,Military targeting and analysis center,general,Intelligence,
,JWICS,Joint Worldwide Intelligence Communications System,top-secret network,general,cyber,
,KIA,killed in action,killed in action,general,Acronym,
,LAD,Latest Arrival Date,Final acceptable delivery date,general,Logistics,
,ladder well,stairwell,stairwell,general,Facility,
,LANTFLT,Atlantic Fleet,Atlantic region naval forces,navy,organization,
,LCE,logistics combat element,logistics combat element,usmc,Acronym,
,LCPO,senior team lead,senior team lead,navy,Rank,
,LES,Leave and Earnings Statement,Pay stub / earnings statement,general,admin,
,LFX,live fire exercise,live fire exercise,army,Acronym,
,liberty,time off,time off,general,Acronym,
,LMET,Leadership and Management Education and Training,Leadership development course,navy,training,
,LOA,letter of admonishment,letter of admonishment,general,Acronym,
,LOC,letter of counseling,letter of counseling,general,Acronym,
,LOD,Line of Duty,Work-related injury/illness determination,general,Medical,
,LOE,Line of Effort,Strategic objective focus area,general,planning,
,LOE,Light-Off Examination,Propulsion system readiness test,navy,compliance,
,LOGCAP,Logistics Civil Augmentation Program,Contracted logistics support program,army,Logistics,
,LOGPAC,Logistics Package,Supply delivery bundle,army,logistics,
,LOGSTAT,Logistics Status Report,supply and logistics status report,general,logistics,
,LOO,Line of Operation,Operational focus area,general,planning,
,LOR,letter of reprimand,letter of reprimand,general,Acronym,
,LPO,team lead,team lead,navy,Rank,
,LRS,logistics readiness squadron,logistics readiness squadron,usaf,Acronym,
,LS,logistics specialist,logistics specialist,navy,Rating,
,LSO,Landing Signal Officer,aircraft landing safety supervisor,navy,aviation,
,LZ,Landing Zone,Helicopter landing area,general,operations,
,MA,master-at-arms,master-at-arms,navy,Rating,
,MACC,Multiple Award Construction Contract,Pre-competed construction contract vehicle,general,Engineering,
,MACOM,Major Command,Major Army headquarters,army,organization,
,MAGTF,Marine Air-Ground Task Force,Marine Air-Ground Task Force,usmc,Acronym,
,maintenance lags,maintenance delays,maintenance delays,general,Acronym,
,MAJCOM,Major Command,Major Air Force headquarters,usaf,organization,
,MALS,Marine Aviation Logistics Squadron,Marine Aviation Logistics Squadron,usmc,Acronym,
,MARADMIN,Marine administrative message,Marine administrative message,usmc,Acronym,
,MARCENT,Marine Forces Central Command,Marine Forces Central Command,usmc,Organization,
,MARDIV,Marine Division,Marine Division,usmc,Acronym,
,MARFORCOM,Marine Forces Command,Marine Forces Command,usmc,Organization,
,MARFORCYBER,Marine Forces Cyberspace Command,Marine Corps cyber operations,usmc,Cyber,
,MARFORPAC,Marine Forces Pacific,Marine Forces Pacific,usmc,Acronym,
,Marine,team member,team member,general,Acronym,
,marines,personnel,personnel,general,Acronym,
,MASINT,Measurement and Signature Intelligence,technical measurement and analysis,general,intel,
,material readiness,equipment readiness,equipment readiness,general,Acronym,
,materiel,supplies and equipment,supplies and equipment,general,Acronym,
,MAW,Marine Aircraft Wing,Marine Aircraft Wing,usmc,Acronym,
,MC,Mission Capable,aircraft available for operations,general,aviation,
,MCAS,Marine Corps Air Station,Marine Corps Air Station,usmc,Acronym,
,MCB,Marine Corps Base,Marine Corps Base,usmc,Acronym,
,MCCDC,Combat Development Command,Combat Development Command,usmc,Organization,
,MCIA,Marine Corps Intelligence Activity,Marine Corps intelligence center,usmc,Intelligence,
,MCLB,Marine Corps Logistics Base,Marine Corps Logistics Base,usmc,Acronym,
,MCMAP,martial arts program,martial arts program,usmc,Acronym,
,MCPON,Master Chief Petty Officer of the Navy,Senior enlisted Navy advisor,navy,organization,
,MCRD,Marine Corps Recruit Depot,Marine Corps Recruit Depot,usmc,Acronym,
,MCSC,Marine Corps Systems Command,Marine Corps Systems Command,usmc,Organization,
,MCTFS,Marine Corps Total Force System,Marine Corps personnel database,usmc,Admin,
,MCWL,Marine Corps Warfighting Lab,Marine Corps Warfighting Lab,usmc,Acronym,
,MCX,retail store,retail store,general,Facility,
,MDG,medical group,medical group,usaf,Acronym,
,MDMP,Military Decision Making Process,Structured decision-making framework,army,planning,
,MDR,Managed Detection and Response,Outsourced security monitoring service,general,Cyber,
,MEB,Medical Evaluation Board,Medical fitness-for-duty review,general,Medical,
,MEB,Marine Expeditionary Brigade,Marine Expeditionary Brigade,usmc,Acronym,
,MECEP,enlisted commissioning program,enlisted commissioning program,usmc,Acronym,
,MEDCOM,Medical Command,Medical Command,army,Organization,
,MEDEVAC,Medical Evacuation,Medical transport by helicopter,general,operations,
,MEDEX,Media Exploitation,Digital media forensic analysis,general,Intelligence,
,MEDPROS,Medical Protection System,Medical readiness tracking,army,technical,
,MEDPROS,Medical Protection System,medical readiness tracking system,general,medical,
,MEF,Marine Expeditionary Force,Major Marine Corps operational force,usmc,organization,
,MEO,military equal opportunity,military equal opportunity,general,Acronym,
,MEPS,Military Entrance Processing Station,Military recruitment medical screening facility,general,Medical,
,mess deck,dining facility,dining facility,general,Facility,
,METL,Mission Essential Task List,Core competency requirements,general,compliance,
,METT-TC,Mission Enemy Terrain Troops Time Civilians,operational planning factors,army,operations,
,MEU,Marine Expeditionary Unit,Marine Expeditionary Unit,usmc,Acronym,
,MFP,Major Force Program,Major budget category,general,Financial,
,MHE,Material Handling Equipment,Forklifts and cargo moving equipment,general,Logistics,
,MHS,Military Health System,DoD healthcare system,general,Medical,
,MIA,missing in action,missing in action,general,Acronym,
,MICT,management internal control toolset,management internal control toolset,usaf,Acronym,
,MILCON,Military Construction,capital construction budget,general,financial,
,MILPDS,Military Personnel Data System,Air Force personnel database,usaf,Admin,
,MILVAN,Military Van,Military-standard shipping container,general,Logistics,
,MISLE,marine information system,marine information system,uscg,System,
,MLC,Master Leader Course,executive management development course,army,training,
,MLE,maritime law enforcement,maritime law enforcement,uscg,Acronym,
,MLG,Marine Logistics Group,Marine Logistics Group,usmc,Acronym,
,MM,machinist's mate,machinist's mate,navy,Rating,
,MOB,Man Overboard,Personnel recovery emergency,navy,operations,
,MODS,Medical Operational Data System,Navy medical readiness tracker,navy,Medical,
,MOL,Marine Online portal,Marine Online portal,general,Acronym,
,MOL,Marine Online,Marine Corps self-service portal,usmc,Admin,
,MOPP,Mission Oriented Protective Posture,HAZMAT/CBRN protection level,general,operations,
,MOS,military occupational specialty,military occupational specialty,general,Acronym,
,MPA,main propulsion assistant,main propulsion assistant,navy,Acronym,
,MPF,Military Personnel Flight,Air Force HR office,usaf,admin,
,MRC,Maintenance Requirement Card,Maintenance work instruction,navy,technical,
,MSC,Military Sealift Command,Navy cargo shipping organization,navy,Logistics,
,MSG,mission support group,mission support group,usaf,Acronym,
,MSGT,master sergeant,master sergeant,usaf,Rank,
,MSIC,Missile and Space Intelligence Center,Missile threat analysis center,army,Intelligence,
,MSR,main supply route,main supply route,army,Acronym,
,MSR,Main Supply Route,Primary logistics corridor,general,logistics,
,MSRT,maritime security response team,maritime security response team,uscg,Security,
,MSST,maritime security team,maritime security team,uscg,Security,
,MTF,Medical Treatment Facility,healthcare facility,general,medical,
,MTOE,personnel and equipment authorization,personnel and equipment authorization,army,Acronym,
,MUOS,Mobile User Objective System,Next-gen narrowband military satellite,general,Space,
,muster,accountability check,accountability check,general,Acronym,
,MWR,"morale, welfare and recreation","morale, welfare and recreation",general,Acronym,
,MX,maintenance,maintenance,usaf,Acronym,
,MXG,maintenance group,maintenance group,usaf,Acronym,
,MXS,maintenance squadron,maintenance squadron,usaf,Acronym,
,NAF,numbered air force,numbered air force,usaf,Acronym,
,NAI,Named Area of Interest,Geographic area designated for surveillance,general,Intelligence,
,NALCOMIS,Naval Aviation Logistics Command Management Information System,Aviation maintenance management system,navy,technical,
,NAS,naval air station,naval air station,navy,Acronym,
,NASIC,National Air and Space Intelligence Center,Air/space threat analysis center,usaf,Intelligence,
,NATOPS,Naval Air Training and Operating Procedures Standardization,aviation standardization and safety procedures,navy,aviation,
,NAV,navigator,navigator,navy,Acronym,
,NAVAIR,Naval Air Systems Command,Navy aviation systems command,navy,organization,
,NAVFIT,performance evaluation system,performance evaluation system,navy,System,
,NAVLEAD,Navy Leadership Development,Leadership course,navy,training,
,NAVSEA,Naval Sea Systems Command,Navy shipbuilding and maintenance command,navy,organization,
,NAVSTA,naval station,naval station,navy,Acronym,
,NAVSUP,supply command,supply command,navy,Organization,
,NAVWAR,naval information warfare systems,naval information warfare systems,navy,System,
,NC,career counselor,career counselor,navy,Acronym,
,NCIS,Naval Criminal Investigative Service,Navy/Marine Corps law enforcement and CI agency,navy,Intelligence,
,NCO,non-commissioned officer,non-commissioned officer,army,Rank,
,NCOA,NCO Academy,NCO Academy,usaf,Acronym,
,NCOER,performance evaluation,performance evaluation,army,Acronym,
,NCOIC,non-commissioned officer in charge,non-commissioned officer in charge,army,Rank,
,NCTC,National Counterterrorism Center,Counterterrorism analysis and planning center,general,Intelligence,
,NDSM,National Defense Service Medal,Medal for service during conflict period,general,Admin,
,NDU,National Defense University,Senior military/civilian joint education,general,Training,
,NEC,specialty code,specialty code,general,Acronym,
,NEL,Navy e-Learning,Navy e-Learning,navy,Acronym,
,NEPA,National Environmental Policy Act,Environmental impact review law,general,Engineering,
,NETC,Naval Education and Training Command,Navy training organization,navy,organization,
,NEX,retail store,retail store,general,Facility,
,NFAAS,Navy Family Accountability and Assessment System,Personnel accountability system,navy,technical,
,NGA,National Geospatial-Intelligence Agency,Satellite and geographic analysis agency,general,Intelligence,
,NGIC,National Ground Intelligence Center,Army ground threat analysis center,army,Intelligence,
,NIOC,Navy Information Operations Command,Navy cyber and intel operations,navy,Intelligence,
,NIPR,Non-classified Internet Protocol Router,unclassified network,general,cyber,
,NIST,National Institute of Standards and Technology,Federal technology standards body,general,technical,
,NJP,Non-Judicial Punishment,Administrative disciplinary action,general,admin,
,NKO,online training system,online training system,navy,System,
,NMC,Non-Mission Capable,equipment out of service,general,logistics,
,NMCI,Navy Marine Corps Intranet,Enterprise network infrastructure,navy,technical,
,NMCM,Non-Mission Capable Maintenance,out of service due to maintenance,general,logistics,
,NMCP,Naval Medical Center Portsmouth,Navy hospital,navy,Medical,
,NMCS,Non-Mission Capable Supply,out of service due to parts shortage,general,logistics,
,NMEC,National Media Exploitation Center,Captured materials analysis center,general,Intelligence,
,NMP,Navy Manning Plan,Navy staffing document,navy,Training,
,NOFORN,not releasable to foreign nationals,not releasable to foreign nationals,general,Acronym,
,NORTHCOM,Northern Command,Northern Command,general,Organization,
,NPC,Navy Personnel Command,Navy HR operations,navy,Admin,
,NRO,National Reconnaissance Office,Satellite intelligence agency,general,Intelligence,
,NSA,National Security Agency,Signals intelligence and cybersecurity agency,general,Intelligence,
,NSA,naval support activity,naval support activity,navy,Acronym,
,NSDC,National Space Defense Center,Space threat monitoring facility,general,Space,
,NSG,Naval Security Group,Navy signals intelligence unit,navy,Intelligence,
,NSIPS,personnel management system,personnel management system,general,System,
,NSIPS,Navy Standard Integrated Personnel System,Navy HR database,navy,Admin,
,NSpC,National Space Council,White House space policy coordination,general,Space,
,NSTC,Naval Service Training Command,Navy recruit and officer training,navy,Training,
,NTC,National Training Center,National Training Center,army,Training,
,NVG,Night Vision Goggles,Low-light vision enhancement device,general,Aviation,
,NWC,Naval War College,Senior officer strategic school,navy,training,
,OAAS,officer and enlisted performance,officer and enlisted performance,uscg,Acronym,
,OAR,officer assignment record,officer assignment record,uscg,Acronym,
,OCO,Offensive Cyber Operations,penetration testing and red team operations,general,cyber,
,OCONUS,overseas,overseas,general,Acronym,
,OCS,Officer Candidate School,Officer commissioning program,general,training,
,OCX,GPS Next Generation Operational Control System,GPS ground control upgrade,general,Space,
,ODNI,Office of the Director of National Intelligence,IC coordination and oversight office,general,Intelligence,
,OER,officer performance evaluation,officer performance evaluation,army,Acronym,
,OG,operations group,operations group,usaf,Acronym,
,OIC,officer in charge,officer in charge,army,Rank,
,OICC,Officer in Charge of Construction,Senior construction oversight officer,navy,Engineering,
,OJT,on-the-job training,on-the-job training,general,Training,
,OMA,Operation and Maintenance Army,Army operating budget,army,financial,
,OMMS-NG,Organizational Maintenance Management System-Next Generation,Maintenance management software,navy,technical,
,OMN,Operation and Maintenance Navy,Navy operating budget,navy,financial,
,OMPF,official personnel file,official personnel file,general,Acronym,
,ONI,Office of Naval Intelligence,Navy intelligence headquarters,navy,Intelligence,
,OOD,Officer of the Deck,Ship operations shift supervisor,navy,operations,
,op tempo,operational pace,operational pace,general,Acronym,
,OPCON,Operational Control,Full operational authority,general,operations,
,OPFOR,opposing force,opposing force,army,Acronym,
,OPIR,Overhead Persistent Infrared,Satellite missile detection system,general,Space,
,OPLAN,Operations Plan,comprehensive operations plan,general,operations,
,OPNAV,headquarters staff,headquarters staff,navy,Facility,
,OPORD,Operations Order,Operational execution plan,general,communication,
,OPPE,Operational Propulsion Plant Examination,Engineering readiness assessment,navy,compliance,
,OPR,officer performance report,officer performance report,usaf,Acronym,
,OPREP,operational report,operational report,navy,Acronym,
,OPS,operations,operations,navy,Acronym,
,OPSEC,operations security,operations security,general,Security,
,OPSUM,Operations Summary,operational activity summary,general,operations,
,ORB,Officer Record Brief,Officer personnel summary,army,admin,
,ordnance,weapons/ammunition,weapons/ammunition,general,Acronym,
,ORE,Operational Readiness Examination,Readiness evaluation,general,compliance,
,ORI,Operational Readiness Inspection,Formal readiness inspection,usaf,compliance,
,ORM,operational risk management,operational risk management,general,Acronym,
,OS,operations specialist,operations specialist,navy,Rating,
,OSA,Overseas Service Award,Recognition for overseas assignment,general,Admin,
,OSINT,Open Source Intelligence,Publicly available information analysis,general,operations,
,OSS,operations support squadron,operations support squadron,usaf,Acronym,
,OTS,Officer Training School,Air Force commissioning program,usaf,training,
,overhead,ceiling,ceiling,general,Facility,
,PACAF,Pacific Air Forces,Pacific Air Forces,usaf,Acronym,
,PACFLT,Pacific Fleet,Pacific region naval forces,navy,organization,
,PACOM,Pacific Command,Pacific Command,general,Organization,
,PAFSC,primary specialty code,primary specialty code,usaf,Acronym,
,PAO,public affairs,public affairs,general,Acronym,
,passageway,hallway,hallway,general,Facility,
,PATFORSWA,patrol forces Southwest Asia,patrol forces Southwest Asia,uscg,Acronym,
,PB,patrol base,patrol base,army,Acronym,
,PBAC,Program and Budget Advisory Committee,Budget review committee,general,Financial,
,PBD,Program Budget Decision,Senior budget allocation decision,general,Financial,
,PBO,property book officer,property book officer,army,Acronym,
,PBUSE,property management system,property management system,army,System,
,PCC,Pre-Command Course,Commander preparation training,general,Training,
,PCS,Permanent Change of Station,Organizational relocation/transfer,general,admin,
,PDHA,Post-Deployment Health Assessment,Return-from-deployment medical screening,general,Medical,
,PDHRA,Post-Deployment Health Reassessment,Follow-up deployment health check,general,Medical,
,PEB,Physical Evaluation Board,Disability rating determination panel,general,Medical,
,PEC,Program Element Code,Budget tracking identifier,general,Financial,
,PEO,program executive office,program executive office,navy,Acronym,
,PERSEC,personnel security,personnel security,general,Security,
,PERSTAT,Personnel Status Report,headcount and personnel status report,general,admin,
,PFC,private first class,private first class,army,Rank,
,PFT,physical fitness test,physical fitness test,usmc,Training,
,PIR,Priority Intelligence Requirements,Intelligence collection priorities,general,planning,
,PKI,Public Key Infrastructure,digital certificate management system,general,cyber,
,PLANORD,Planning Order,planning directive,general,operations,
,PLT,platoon,platoon,army,Acronym,
,PMC,Partially Mission Capable,equipment operating with reduced capability,general,logistics,
,PMCS,preventive maintenance checks,preventive maintenance checks,army,Acronym,
,PME,professional military education,professional military education,general,Acronym,
,PMO,provost marshal office,provost marshal office,usmc,Acronym,
,PMS,preventive maintenance,preventive maintenance,navy,Acronym,
,POAM,Plan of Action and Milestones,Security remediation plan,general,Cyber,
,POC,Point of Contact,Primary contact person,general,communication,
,POD,Port of Debarkation,Arrival port,general,Logistics,
,POE,Port of Embarkation,Departure port,general,Logistics,
,POM,Program Objective Memorandum,multi-year budget planning document,general,financial,
,port and starboard,rotating shift schedule,rotating shift schedule,general,Acronym,
,POW,prisoner of war,prisoner of war,general,Acronym,
,PPBE,"Planning, Programming, Budgeting, and Execution",DoD budget lifecycle process,general,Financial,
,PPE,personal protective equipment,personal protective equipment,general,Acronym,
,PPO,Personnel Processing Office,In/out-processing office,general,Admin,
,PPWO,Propulsion Plant Watch Officer,"Led propulsion plant operations, coordinating personnel and equipment to maintain compliance and availability.",Navy,maintenance,
,PQS,personnel qualification standards,personnel qualification standards,navy,Acronym,
,PRD,planned rotation date,planned rotation date,general,Acronym,
,PRDA,Personnel Records Display Application,Air Force digital personnel file,usaf,Admin,
,PRIME BEEF,Prime Base Engineer Emergency Force,base engineering emergency response team,usaf,engineering,
,PROFIS,Professional Officer Filler Information System,Medical officer deployment assignment system,army,Medical,
,PRT,Physical Readiness Test,Physical fitness assessment,navy,training,
,PS,personnel specialist,personnel specialist,navy,Rating,
,PSD,Personnel Support Detachment,HR service center,navy,admin,
,PSG,platoon sergeant,platoon sergeant,army,Rank,
,PSR,Personnel Status Report,Manning/staffing report,general,admin,
,PSU,port security unit,port security unit,uscg,Security,
,PT,Physical Training,Physical fitness program,general,training,
,PV2,private,private,army,Rank,
,PVT,private,private,army,Rank,
,PWD,Public Works Department,Base facilities management office,navy,Engineering,
,PX,retail store,retail store,general,Facility,
,PZ,Pickup Zone,Personnel/cargo collection point,general,Aviation,
,QA,quality assurance,quality assurance,army,Acronym,
,QAE,Quality Assurance Evaluator,Construction quality inspector,general,Engineering,
,QC,quality control,quality control,army,Acronym,
,QM,quartermaster,quartermaster,navy,Rating,
,QRF,Quick Reaction Force,Rapid response team,general,operations,
,quarterdeck,reception area,reception area,general,Facility,
,rack,bed,bed,general,Acronym,
,RAPIDS,Real-time Automated Personnel Identification System,Military ID card system,general,Admin,
,RAS,replenishment at sea,replenishment at sea,navy,Acronym,
,RDD,Required Delivery Date,Shipment deadline,general,Logistics,
,readiness,operational preparedness,operational preparedness,general,Acronym,
,RED HORSE,Rapid Engineer Deployable Heavy Operational Repair Squadron Engineers,rapid construction and repair unit,usaf,engineering,
,reveille,morning wake-up,morning wake-up,general,Acronym,
,RFI,Request for Information,Information request,general,communication,
,RFP,Request for Proposal,Solicitation for contractor bids,general,Engineering,
,RMF,Risk Management Framework,Cybersecurity compliance framework,general,technical,
,RO,Reactor Operator,Monitored and controlled reactor systems to maintain safe operating parameters.,Navy,maintenance,
,ROC drill,Rehearsal of Concept drill,operational concept rehearsal,general,operations,
,ROE,Rules of Engagement,Operational conduct guidelines,general,operations,
,ROICC,Resident Officer in Charge of Construction,Government construction manager,navy,Engineering,
,ROTC,Reserve Officers Training Corps,College officer program,general,training,
,RTB,Return to Base,Return to home location,general,operations,
,S-1,Personnel/Administration Section,HR department,army,admin,
,S-2,Intelligence Section,Intelligence department,army,admin,
,S-3,Operations Section,Operations department,army,admin,
,S-4,Logistics Section,Logistics/supply department,army,admin,
,S-6,Communications/IT Section,IT department,army,admin,
,S1,human resources/personnel,human resources/personnel,army,Acronym,
,S2,intelligence/security,intelligence/security,army,Security,
,S3,operations/training,operations/training,army,Training,
,S4,logistics/supply,logistics/supply,army,Acronym,
,S6,communications/IT,communications/IT,army,Acronym,
,S6 SHOP,Communications/IT Section,"In-house IT/communications team responsible for network support, troubleshooting, and service restoration.",Army,staff_section,
,SABRS,"Standard Accounting, Budgeting, and Reporting System",Marine Corps accounting system,usmc,Financial,
,SAEDA,Subversion and Espionage Directed Against the Army,Insider threat reporting program,army,Intelligence,
,SAG,Sub-Activity Group,Detailed budget grouping,general,Financial,
,Sailors,personnel,personnel,general,Acronym,
,SALUTE,threat report format,threat report format,general,Acronym,
,SAP,special access program,special access program,general,Acronym,
,SAPR,sexual assault prevention,sexual assault prevention,general,Acronym,
,SAR,Search and Rescue,Coordinated time-critical emergency response operations to safeguard personnel and property.,Coast Guard,operations,
,SAR,search and rescue,search and rescue,uscg,Acronym,
,SARC,sexual assault response coordinator,sexual assault response coordinator,navy,Acronym,
,SAROPS,search and rescue planning system,search and rescue planning system,uscg,System,
,SARSS,Standard Army Retail Supply System,retail supply management system,army,logistics,
,SAV,staff assistance visit,staff assistance visit,usaf,Acronym,
,SBCT,Stryker brigade combat team,Stryker brigade combat team,army,Acronym,
,SBIRS,Space-Based Infrared System,Missile warning satellite constellation,general,Space,
,SCA,Security Control Assessor,Independent security auditor,general,Cyber,
,SCI,sensitive compartmented information,sensitive compartmented information,general,Acronym,
,SCLSIS,Ships Configuration and Logistics Support Information System,Configuration management system,navy,technical,
,SCM,summary court-martial,summary court-martial,general,Acronym,
,SCO,security control officer,security control officer,general,Security,
,scuttlebutt,water fountain,water fountain,general,Acronym,
,SDA,Space Development Agency,Space technology development organization,ussf,Space,
,SDDC,Surface Deployment and Distribution Command,Military land/sea shipping command,army,Logistics,
,SEAVAN,Sea Van,Ocean shipping container,general,Logistics,
,SECDEF,Secretary of Defense,Civilian leader of Department of Defense,general,organization,
,SECNAV,Secretary of the Navy,Civilian leader of Navy and Marine Corps,navy,organization,
,SES,Senior Executive Service,Federal civilian senior leadership tier,general,Admin,
,SF,security forces,security forces,usaf,Security,
,SFA,Security Force Assistance,Partner nation security capacity building,general,Intelligence,
,SFC,sergeant first class,sergeant first class,army,Rank,
,SFS,security forces squadron,security forces squadron,usaf,Security,
,SGLI,Servicemembers Group Life Insurance,Military life insurance,general,admin,
,SGM,sergeant major,sergeant major,army,Rank,
,SGT,sergeant,sergeant,army,Rank,
,SHARP,sexual harassment/assault prevention,sexual harassment/assault prevention,general,Acronym,
,SIGACT,Significant Activity,noteworthy event or incident,general,operations,
,SIGINT,Signals Intelligence,Communications intelligence analysis,general,operations,
,SIPR,Secret Internet Protocol Router,classified network,general,cyber,
,SITREP,Situation Report,Status update/report,general,communication,
,SJA,staff judge advocate,staff judge advocate,general,Acronym,
,SK,storekeeper,storekeeper,navy,Rating,
,SKED,Scheduling,Maintenance scheduling system,navy,technical,
,SL,squad leader,squad leader,army,Acronym,
,SLC,Senior Leader Course,Senior supervisor course,army,training,
,SLD,Space Launch Delta,Space Launch Delta,ussf,Acronym,
,SMA,Sergeant Major of the Army,Senior enlisted Army advisor,army,organization,
,SMMC,Sergeant Major of the Marine Corps,Senior enlisted Marine advisor,usmc,organization,
,SMP,squadron maintenance program,squadron maintenance program,usmc,Acronym,
,SMSGT,senior master sergeant,senior master sergeant,usaf,Rank,
,SNCO,senior non-commissioned officer,senior non-commissioned officer,army,Rank,
,SNCOA,Senior NCO Academy,Senior enlisted professional school,usaf,training,
,SNCOIC,senior NCO in charge,senior NCO in charge,usmc,Acronym,
,SNEC,Senior NCO Education Course,Senior leadership course,general,training,
,SOAP,"Subjective, Objective, Assessment, Plan",Standard medical documentation format,general,Medical,
,SOCOM,Special Operations Command,Special Operations Command,general,Organization,
,SOFA,Status of Forces Agreement,Legal framework for troops in foreign countries,general,Intelligence,
,SOI,School of Infantry,School of Infantry,usmc,Acronym,
,Soldier,team member,team member,general,Acronym,
,Soldiers,personnel,personnel,general,Acronym,
,SOP,standard operating procedure,standard operating procedure,general,Acronym,
,SOPS,Space Operations Squadron,Space Operations Squadron,ussf,Acronym,
,SOQ,Statement of Qualifications,Contractor experience submittal,general,Engineering,
,sortie,mission flight,mission flight,general,Acronym,
,SORTS,Status of Resources and Training System,Readiness reporting system,general,compliance,
,SORTS,readiness reporting,readiness reporting,navy,Acronym,
,SOS,Squadron Officer School,Squadron Officer School,usaf,Acronym,
,SOUTHCOM,Southern Command,Southern Command,general,Organization,
,SPACECOM,U.S. Space Command,Military space operations command,general,Space,
,SPAWAR,naval systems command,naval systems command,navy,Organization,
,SPC,specialist,specialist,army,Rank,
,SPCM,special court-martial,special court-martial,general,Acronym,
,SPOC,Space Operations Command,Space Operations Command,ussf,Organization,
,SPOD,Seaport of Debarkation,Military sea cargo receiving terminal,general,Logistics,
,SPOE,Seaport of Embarkation,Military sea cargo departure terminal,general,Logistics,
,spot checks,quality inspections,quality inspections,general,Acronym,
,SPOTREP,incident report,incident report,general,Acronym,
,SQ,squadron,squadron,usaf,Acronym,
,SQD,squad,squad,army,Acronym,
,SRA,senior airman,senior airman,usaf,Rank,
,SRB,selective reenlistment bonus,selective reenlistment bonus,general,Acronym,
,SRB,Service Record Book,Personnel file,navy,admin,
,SRO,Senior Reactor Operator,"Oversaw reactor operations and compliance activities to ensure safe, efficient plant performance.",Navy,maintenance,
,SRTS,Sailor Readiness Tracking System,Navy individual readiness database,navy,Medical,
,SSA,Supply Support Activity,Supply distribution point,army,Logistics,
,SSC,Space Systems Command,Space Systems Command,ussf,Organization,
,SSE,Senior Service Education,executive leadership development program,general,training,
,SSG,staff sergeant,staff sergeant,army,Rank,
,SSGT,staff sergeant,staff sergeant,usaf,Rank,
,SSO,special security officer,special security officer,general,Security,
,STAMIS,Standard Army Management Information System,enterprise management information system,army,logistics,
,STANFINS,Standard Finance System,Army accounting system,army,Financial,
,STARCOM,Space Training and Readiness Command,Space Training and Readiness Command,ussf,Organization,
,STIG,Security Technical Implementation Guide,Security configuration standard,general,technical,
,STRATCOM,Strategic Command,Strategic Command,general,Organization,
,STX,situational training exercise,situational training exercise,army,Training,
,SUBLANT,submarine forces Atlantic,submarine forces Atlantic,navy,Acronym,
,SUBPAC,submarine forces Pacific,submarine forces Pacific,navy,Acronym,
,SUPPO,supply officer,supply officer,navy,Acronym,
,SURFLANT,Commander Naval Surface Forces Atlantic,Atlantic surface fleet commander,navy,organization,
,SURFPAC,surface forces Pacific,surface forces Pacific,navy,Acronym,
,SWPPP,Stormwater Pollution Prevention Plan,Environmental runoff management plan,general,Engineering,
,TACLET,Tactical Law Enforcement Team,Supported specialized maritime security operations in joint/multi-agency environments.,Coast Guard,operations,
,TACLET,tactical law enforcement team,tactical law enforcement team,uscg,Acronym,
,TACON,Tactical Control,Temporary operational authority,general,operations,
,TAD,temporary assignment,temporary assignment,general,Acronym,
,TAD,Temporary Additional Duty,Temporary assignment to another location,navy,admin,
,TADSS,training aids and devices,training aids and devices,army,Training,
,TAI,Target Area of Interest,Specific location for collection focus,general,Intelligence,
,TAP,transition assistance program,transition assistance program,general,Acronym,
,TAPS,transition assistance program,transition assistance program,general,Acronym,
,TAREX,Target Exploitation,Target analysis and development,general,Intelligence,
,TBS,The Basic School,The Basic School,usmc,Acronym,
,TCCC,Tactical Combat Casualty Care,field emergency trauma care,general,medical,
,TCN,Transportation Control Number,Shipment tracking number,general,Logistics,
,TCP,traffic control point,traffic control point,army,Acronym,
,TDA,organizational structure document,organizational structure document,army,Acronym,
,TDY,temporary duty assignment,temporary duty assignment,general,Acronym,
,TDY,Temporary Duty,Temporary assignment to another location,usaf,admin,
,TECHEX,Technical Exploitation,Technical equipment forensic analysis,general,Intelligence,
,TECOM,Training and Education Command,Training and Education Command,usmc,Organization,
,TEMADD,Temporary Additional Duty,Short-term training assignment,navy,Training,
,TI,technical inspection,technical inspection,army,Acronym,
,TIC,Troops in Contact,active engagement / critical incident,general,operations,
,TIG,time in grade,time in grade,usaf,Acronym,
,TIS,time in service,time in service,usaf,Acronym,
,TL,team leader,team leader,army,Acronym,
,TLP,Troop Leading Procedures,team planning and execution steps,army,operations,
,TM,team,team,army,Acronym,
,TOC,tactical operations center,tactical operations center,general,Acronym,
,TOPMIS,Total Officer Personnel Management Information System,Army officer management system,army,Admin,
,TPFDD,Time-Phased Force and Deployment Data,deployment scheduling and resource plan,general,operations,
,TPT,Tactical PSYOP Team,Small psychological operations unit,general,Intelligence,
,TQL,total quality leadership,total quality leadership,navy,Acronym,
,TRACEN,training center,training center,uscg,Training,
,TRADOC,Training and Doctrine Command,Training and Doctrine Command,army,Organization,
,TRANSCOM,Transportation Command,Transportation Command,general,Organization,
,TRICARE,military health insurance,military health insurance,general,Acronym,
,TSC,Theater Sustainment Command,Army regional logistics headquarters,army,Logistics,
,TSCM,Technical Surveillance Countermeasures,Electronic bug sweep and detection,general,Intelligence,
,TSGT,technical sergeant,technical sergeant,usaf,Rank,
,TSP,Thrift Savings Plan,Government 401(k) retirement plan,general,admin,
,TSTA,Tailored Ships Training Availability,Integrated training assessment,navy,compliance,
,TWMS,Total Workforce Management Services,Navy training tracking system,navy,Admin,
,TYCOM,Type Commander,Fleet type headquarters,navy,organization,
,UCI,Unit Compliance Inspection,Air Force compliance audit,usaf,compliance,
,UCMJ,Uniform Code of Military Justice,Military legal code,general,admin,
,UDM,unit deployment manager,unit deployment manager,usaf,Acronym,
,UFR,Unfunded Requirements,supplemental budget requests,general,financial,
,UGT,upgrade training,upgrade training,usaf,Training,
,ULLS,Unit Level Logistics System,unit-level inventory tracking system,army,logistics,
,ULTRA-C,Unit Level Training Readiness Assessment-Command,Command-level readiness assessment,navy,compliance,
,UMR,unit manning report,unit manning report,army,Acronym,
,underway,at sea operations,at sea operations,general,Acronym,
,UNREP,Underway Replenishment,At-sea supply transfer operation,navy,operations,
,USACE,Army Corps of Engineers,Army Corps of Engineers,army,Acronym,
,USAF,United States Air Force,United States Air Force,usaf,Acronym,
,USAFE,US Air Forces in Europe,US Air Forces in Europe,usaf,Acronym,
,USAREC,Army Recruiting Command,Army Recruiting Command,army,Organization,
,USCG,United States Coast Guard,United States Coast Guard,uscg,Acronym,
,USMA,United States Military Academy,West Point,army,Training,
,usmc,personnel,personnel,general,Acronym,
,USMC,United States Marine Corps,United States Marine Corps,usmc,Acronym,
,USO,United Service Organizations,United Service Organizations,general,Acronym,
,USR,unit status report,unit status report,army,Acronym,
,USSF,United States Space Force,United States Space Force,ussf,Acronym,
,USTRANSCOM,U.S. Transportation Command,Joint military transportation headquarters,general,Logistics,
,UTC,unit type code,unit type code,usaf,Acronym,
,UTM,unit training manager,unit training manager,usaf,Training,
,UXO,unexploded ordnance,unexploded ordnance,general,Acronym,
,VA,Veterans Affairs,Veterans Affairs,general,Acronym,
,VAW,Carrier Airborne Early Warning Squadron,Navy E-2 Hawkeye squadron,navy,Aviation,
,VDP,Vulnerability Disclosure Program,Bug bounty and reporting program,general,Cyber,
,VERTREP,Vertical Replenishment,Helicopter supply transfer,navy,operations,
,VFA,Strike Fighter Squadron,Navy F/A-18 squadron,navy,Aviation,
,VMFA,Marine Fighter Attack Squadron,Marine Fighter Attack Squadron,usmc,Acronym,
,VMM,Marine Medium Tiltrotor Squadron,Marine Medium Tiltrotor Squadron,usmc,Acronym,
,vMPF,virtual personnel center,virtual personnel center,general,Acronym,
,vMPF,Virtual Military Personnel Flight,Air Force online HR portal,usaf,Admin,
,VP,Patrol Squadron,Navy maritime patrol aircraft squadron,navy,Aviation,
,VQ,Fleet Air Reconnaissance Squadron,Navy signals collection squadron,navy,Aviation,
,WAPS,weighted airman promotion system,weighted airman promotion system,usaf,System,
,WARNO,Warning Order,Advance notification of upcoming operations,general,communication,
,watch,shift duty,shift duty,general,Acronym,
,WCS,Maintenance Team Lead,Maintenance Team Lead,navy,Acronym,
,WEPS,weapons officer,weapons officer,navy,Acronym,
,WGS,Wideband Global SATCOM,High-bandwidth military satellite network,general,Space,
,WHEC,high endurance cutter,high endurance cutter,uscg,Acronym,
,WIA,wounded in action,wounded in action,general,Acronym,
,WLB,buoy tender,buoy tender,uscg,Acronym,
,WLC,Warrior Leader Course,junior leadership development course,army,training,
,WMEC,medium endurance cutter,medium endurance cutter,uscg,Acronym,
,WOAC,Warrant Officer Advanced Course,Senior warrant officer training,army,Training,
,WOBC,Warrant Officer Basic Course,Initial warrant officer training,army,Training,
,WPB,patrol boat,patrol boat,uscg,Acronym,
,XO,Executive Officer,"Deputy operations manager coordinating planning, resources, and execution.",Army,leadership,
,XO,deputy director,deputy director,navy,Rank,
,YN,yeoman,yeoman,navy,Rating,
